waveform,harmonic_coefficients,doppler_hz,up_delay_samples,down_delay_samples,paired_timing_delay_samples,paired_timing_bias_m,doppler_displacement_samples,mean_normalized_peak
lfm,0;0,-500.0,4.072491707733889,-4.072491707733775,5.684341886080802e-14,1.7041228261405195e-11,4.072491707733832,0.9958783404902793
lfm,0;0,-475.0,3.87182705428836,-3.871827054288474,-5.684341886080802e-14,-1.7041228261405195e-11,3.871827054288417,0.9957710849197521
lfm,0;0,-450.0,3.6682099075385395,-3.6682099075385395,0.0,0.0,3.6682099075385395,0.9935348766612471
lfm,0;0,-425.0,3.457984658009991,-3.457984658009991,0.0,0.0,3.457984658009991,0.9912432396150641
lfm,0;0,-400.0,3.2515160329915034,-3.2515160329913897,5.684341886080802e-14,1.7041228261405195e-11,3.2515160329914465,0.9951605621566906
lfm,0;0,-375.0,3.0500029319671285,-3.0500029319671285,0.0,0.0,3.0500029319671285,0.9969487844841709
lfm,0;0,-350.0,2.84922257086464,-2.84922257086464,0.0,0.0,2.84922257086464,0.9966010107726972
lfm,0;0,-325.0,2.645010973968965,-2.645010973968965,0.0,0.0,2.645010973968965,0.9941185822339826
lfm,0;0,-300.0,2.434440529542826,-2.4344405295429397,-5.684341886080802e-14,-1.7041228261405195e-11,2.434440529542883,0.9927504657459075
lfm,0;0,-275.0,2.2287433564345065,-2.2287433564345065,0.0,0.0,2.2287433564345065,0.9964398530366974
lfm,0;0,-250.0,2.0275248474565615,-2.0275248474565615,0.0,0.0,2.0275248474565615,0.9979927025895973
lfm,0;0,-225.0,1.826576359313549,-1.826576359313549,0.0,0.0,1.826576359313549,0.9974030143758275
lfm,0;0,-200.0,1.6217127742795583,-1.6217127742795583,0.0,0.0,1.6217127742795583,0.9946730670073147
lfm,0;0,-175.0,1.4110065253360062,-1.4110065253358925,5.684341886080802e-14,1.7041228261405195e-11,1.4110065253359494,0.9942339641100648
lfm,0;0,-150.0,1.20602702129122,-1.20602702129122,0.0,0.0,1.20602702129122,0.9976938564103743
lfm,0;0,-125.0,1.005051719926314,-1.0050517199262003,5.684341886080802e-14,1.7041228261405195e-11,1.0050517199262572,0.9990098544379797
lfm,0;0,-100.0,0.8038822198748221,-0.8038822198748221,0.0,0.0,0.8038822198748221,0.9981768632855403
lfm,0;0,-86.8600903895988,0.6966587706078826,-0.6966587706078826,0.0,0.0,0.6966587706078826,0.9968782204955835
lfm,0;0,-75.0,0.5983081348274482,-0.5983081348274482,0.0,0.0,0.5983081348274482,0.9951981079807379
lfm,0;0,-50.0,0.3911403211901643,-0.3911403211901643,0.0,0.0,0.3911403211901643,0.9956934829508532
lfm,0;0,-25.0,0.19356510855811848,-0.19356510855811848,0.0,0.0,0.19356510855811848,0.9989223256239563
lfm,0;0,0.0,0.0,0.0,0.0,0.0,0.0,1.0000000000000002
lfm,0;0,25.0,-0.19356510855811848,0.19356510855811848,0.0,0.0,-0.19356510855811848,0.9989223256239563
lfm,0;0,50.0,-0.3911403211901643,0.3911403211901643,0.0,0.0,-0.3911403211901643,0.9956934829508531
lfm,0;0,75.0,-0.5983081348274482,0.5983081348274482,0.0,0.0,-0.5983081348274482,0.9951981079807379
lfm,0;0,86.8600903895988,-0.6966587706078826,0.6966587706078826,0.0,0.0,-0.6966587706078826,0.9968782204955835
lfm,0;0,100.0,-0.8038822198748221,0.8038822198748221,0.0,0.0,-0.8038822198748221,0.9981768632855403
lfm,0;0,125.0,-1.0050517199262003,1.005051719926314,5.684341886080802e-14,1.7041228261405195e-11,-1.0050517199262572,0.9990098544379797
lfm,0;0,150.0,-1.20602702129122,1.20602702129122,0.0,0.0,-1.20602702129122,0.9976938564103742
lfm,0;0,175.0,-1.4110065253358925,1.4110065253360062,5.684341886080802e-14,1.7041228261405195e-11,-1.4110065253359494,0.994233964110065
lfm,0;0,200.0,-1.6217127742795583,1.6217127742795583,0.0,0.0,-1.6217127742795583,0.9946730670073147
lfm,0;0,225.0,-1.826576359313549,1.826576359313549,0.0,0.0,-1.826576359313549,0.9974030143758275
lfm,0;0,250.0,-2.0275248474565615,2.0275248474565615,0.0,0.0,-2.0275248474565615,0.9979927025895972
lfm,0;0,275.0,-2.2287433564345065,2.2287433564345065,0.0,0.0,-2.2287433564345065,0.9964398530366974
lfm,0;0,300.0,-2.4344405295429397,2.434440529542826,-5.684341886080802e-14,-1.7041228261405195e-11,-2.434440529542883,0.9927504657459074
lfm,0;0,325.0,-2.645010973968965,2.645010973968965,0.0,0.0,-2.645010973968965,0.9941185822339826
lfm,0;0,350.0,-2.84922257086464,2.84922257086464,0.0,0.0,-2.84922257086464,0.9966010107726972
lfm,0;0,375.0,-3.0500029319671285,3.0500029319671285,0.0,0.0,-3.0500029319671285,0.9969487844841709
lfm,0;0,400.0,-3.2515160329913897,3.2515160329915034,5.684341886080802e-14,1.7041228261405195e-11,-3.2515160329914465,0.9951605621566904
lfm,0;0,425.0,-3.457984658009991,3.457984658009991,0.0,0.0,-3.457984658009991,0.9912432396150641
lfm,0;0,450.0,-3.6682099075385395,3.6682099075385395,0.0,0.0,-3.6682099075385395,0.9935348766612471
lfm,0;0,475.0,-3.871827054288474,3.87182705428836,-5.684341886080802e-14,-1.7041228261405195e-11,-3.871827054288417,0.9957710849197521
lfm,0;0,500.0,-4.072491707733775,4.072491707733889,5.684341886080802e-14,1.7041228261405195e-11,-4.072491707733832,0.9958783404902793
balanced_knee,0.1;-0.05,-500.0,3.628823926389032,-3.6288239263891455,-5.684341886080802e-14,-1.7041228261405195e-11,3.6288239263890887,0.9904427301767615
balanced_knee,0.1;-0.05,-475.0,3.4404052716472506,-3.4404052716472506,0.0,0.0,3.4404052716472506,0.9889944302555655
balanced_knee,0.1;-0.05,-450.0,3.25627336726302,-3.256273367263134,-5.684341886080802e-14,-1.7041228261405195e-11,3.256273367263077,0.993403939494051
balanced_knee,0.1;-0.05,-425.0,3.077358103266306,-3.077358103266306,0.0,0.0,3.077358103266306,0.9956958045742723
balanced_knee,0.1;-0.05,-400.0,2.8999584094708553,-2.8999584094708553,0.0,0.0,2.8999584094708553,0.9958584278221069
balanced_knee,0.1;-0.05,-375.0,2.7204851325395794,-2.7204851325395794,0.0,0.0,2.7204851325395794,0.9938884097554039
balanced_knee,0.1;-0.05,-350.0,2.5351911998577634,-2.5351911998577634,0.0,0.0,2.5351911998577634,0.989790574912193
balanced_knee,0.1;-0.05,-325.0,2.347272517315787,-2.347272517315787,0.0,0.0,2.347272517315787,0.9930783285772764
balanced_knee,0.1;-0.05,-300.0,2.1661986095946304,-2.1661986095946304,0.0,0.0,2.1661986095946304,0.9963991798768577
balanced_knee,0.1;-0.05,-275.0,1.9884125060621045,-1.9884125060621045,0.0,0.0,1.9884125060621045,0.9975857641368338
balanced_knee,0.1;-0.05,-250.0,1.810294125428527,-1.810294125428527,0.0,0.0,1.810294125428527,0.9966316303326703
balanced_knee,0.1;-0.05,-225.0,1.6281980555427253,-1.6281980555427253,0.0,0.0,1.6281980555427253,0.9935385964593078
balanced_knee,0.1;-0.05,-200.0,1.4394518920692008,-1.4394518920692008,0.0,0.0,1.4394518920692008,0.9920515142443889
balanced_knee,0.1;-0.05,-175.0,1.2553272579632448,-1.2553272579632448,0.0,0.0,1.2553272579632448,0.9963980580025711
balanced_knee,0.1;-0.05,-150.0,1.0763184620609536,-1.0763184620609536,0.0,0.0,1.0763184620609536,0.9986072009245713
balanced_knee,0.1;-0.05,-125.0,0.8987101664697548,-0.8987101664697548,0.0,0.0,0.8987101664697548,0.9986694496302463
balanced_knee,0.1;-0.05,-100.0,0.7188937077602304,-0.7188937077602304,0.0,0.0,0.7188937077602304,0.996583618956127
balanced_knee,0.1;-0.05,-86.8600903895988,0.6222382241153355,-0.6222382241153355,0.0,0.0,0.6222382241153355,0.9946281722217265
balanced_knee,0.1;-0.05,-75.0,0.5330945560764349,-0.5330945560764349,0.0,0.0,0.5330945560764349,0.9923568408996062
balanced_knee,0.1;-0.05,-50.0,0.34896995954102294,-0.34896995954102294,0.0,0.0,0.34896995954102294,0.9956934829508531
balanced_knee,0.1;-0.05,-25.0,0.17273074559534507,-0.17273074559534507,0.0,0.0,0.17273074559534507,0.9989223256239566
balanced_knee,0.1;-0.05,0.0,0.0,0.0,0.0,0.0,0.0,1.0000000000000004
balanced_knee,0.1;-0.05,25.0,-0.17273074559534507,0.17273074559534507,0.0,0.0,-0.17273074559534507,0.9989223256239563
balanced_knee,0.1;-0.05,50.0,-0.34896995954102294,0.34896995954102294,0.0,0.0,-0.34896995954102294,0.9956934829508532
balanced_knee,0.1;-0.05,75.0,-0.5330945560764349,0.5330945560764349,0.0,0.0,-0.5330945560764349,0.9923568408996062
balanced_knee,0.1;-0.05,86.8600903895988,-0.6222382241153355,0.6222382241153355,0.0,0.0,-0.6222382241153355,0.9946281722217265
balanced_knee,0.1;-0.05,100.0,-0.7188937077602304,0.7188937077602304,0.0,0.0,-0.7188937077602304,0.9965836189561269
balanced_knee,0.1;-0.05,125.0,-0.8987101664697548,0.8987101664697548,0.0,0.0,-0.8987101664697548,0.9986694496302462
balanced_knee,0.1;-0.05,150.0,-1.0763184620609536,1.0763184620609536,0.0,0.0,-1.0763184620609536,0.9986072009245714
balanced_knee,0.1;-0.05,175.0,-1.2553272579632448,1.2553272579632448,0.0,0.0,-1.2553272579632448,0.9963980580025709
balanced_knee,0.1;-0.05,200.0,-1.4394518920692008,1.4394518920692008,0.0,0.0,-1.4394518920692008,0.9920515142443889
balanced_knee,0.1;-0.05,225.0,-1.6281980555427253,1.6281980555427253,0.0,0.0,-1.6281980555427253,0.9935385964593076
balanced_knee,0.1;-0.05,250.0,-1.810294125428527,1.810294125428527,0.0,0.0,-1.810294125428527,0.9966316303326703
balanced_knee,0.1;-0.05,275.0,-1.9884125060621045,1.9884125060621045,0.0,0.0,-1.9884125060621045,0.9975857641368338
balanced_knee,0.1;-0.05,300.0,-2.1661986095946304,2.1661986095946304,0.0,0.0,-2.1661986095946304,0.9963991798768577
balanced_knee,0.1;-0.05,325.0,-2.347272517315787,2.347272517315787,0.0,0.0,-2.347272517315787,0.9930783285772764
balanced_knee,0.1;-0.05,350.0,-2.5351911998577634,2.5351911998577634,0.0,0.0,-2.5351911998577634,0.9897905749121931
balanced_knee,0.1;-0.05,375.0,-2.7204851325395794,2.7204851325395794,0.0,0.0,-2.7204851325395794,0.9938884097554039
balanced_knee,0.1;-0.05,400.0,-2.8999584094708553,2.8999584094708553,0.0,0.0,-2.8999584094708553,0.9958584278221069
balanced_knee,0.1;-0.05,425.0,-3.077358103266306,3.077358103266306,0.0,0.0,-3.077358103266306,0.9956958045742723
balanced_knee,0.1;-0.05,450.0,-3.256273367263134,3.25627336726302,-5.684341886080802e-14,-1.7041228261405195e-11,-3.256273367263077,0.9934039394940511
balanced_knee,0.1;-0.05,475.0,-3.4404052716472506,3.4404052716472506,0.0,0.0,-3.4404052716472506,0.9889944302555655
balanced_knee,0.1;-0.05,500.0,-3.6288239263891455,3.628823926389032,-5.684341886080802e-14,-1.7041228261405195e-11,-3.6288239263890887,0.9904427301767615
delay_focused,0.3;0,-500.0,3.0617774125614687,-3.0617774125615824,-5.684341886080802e-14,-1.7041228261405195e-11,3.0617774125615256,0.9837133333294703
delay_focused,0.3;0,-475.0,2.913315320083939,-2.913315320083939,0.0,0.0,2.913315320083939,0.9849827582665823
delay_focused,0.3;0,-450.0,2.763513704868501,-2.7635137048686147,-5.684341886080802e-14,-1.7041228261405195e-11,2.763513704868558,0.984150876417051
delay_focused,0.3;0,-425.0,2.6094982250072007,-2.6094982250073144,-5.684341886080802e-14,-1.7041228261405195e-11,2.6094982250072576,0.9812090039344559
delay_focused,0.3;0,-400.0,2.4485575241928927,-2.4485575241928927,0.0,0.0,2.4485575241928927,0.9803393396598508
delay_focused,0.3;0,-375.0,2.2909208316648346,-2.2909208316648346,0.0,0.0,2.2909208316648346,0.9864725215765223
delay_focused,0.3;0,-350.0,2.1390525616195646,-2.1390525616195646,0.0,0.0,2.1390525616195646,0.9905211872816212
delay_focused,0.3;0,-325.0,1.9899520004410078,-1.9899520004410078,0.0,0.0,1.9899520004410078,0.9924617665686828
delay_focused,0.3;0,-300.0,1.8408099848470556,-1.840809984846942,5.684341886080802e-14,1.7041228261405195e-11,1.8408099848469988,0.9922787817492285
delay_focused,0.3;0,-275.0,1.6888091719069962,-1.6888091719068825,5.684341886080802e-14,1.7041228261405195e-11,1.6888091719069394,0.9899649372232125
delay_focused,0.3;0,-250.0,1.5309225145840628,-1.5309225145841765,-5.684341886080802e-14,-1.7041228261405195e-11,1.5309225145841197,0.9855211715095338
delay_focused,0.3;0,-225.0,1.369730315079778,-1.369730315079778,0.0,0.0,1.369730315079778,0.9898056632725153
delay_focused,0.3;0,-200.0,1.2153415362602118,-1.2153415362603255,-5.684341886080802e-14,-1.7041228261405195e-11,1.2153415362602686,0.994526616365277
delay_focused,0.3;0,-175.0,1.0650796202116908,-1.0650796202116908,0.0,0.0,1.0650796202116908,0.997121386001885
delay_focused,0.3;0,-150.0,0.9160559570879059,-0.9160559570879059,0.0,0.0,0.9160559570879059,0.997575906861966
delay_focused,0.3;0,-125.0,0.7654680756794505,-0.7654680756794505,0.0,0.0,0.7654680756794505,0.9958843862310662
delay_focused,0.3;0,-100.0,0.6104009959202585,-0.6104009959201449,5.684341886080802e-14,1.7041228261405195e-11,0.6104009959202017,0.9920493400263095
delay_focused,0.3;0,-86.8600903895988,0.5260278741403681,-0.5260278741403681,0.0,0.0,0.5260278741403681,0.9891775839725567
delay_focused,0.3;0,-75.0,0.44954561280178496,-0.44954561280178496,0.0,0.0,0.44954561280178496,0.990325994041128
delay_focused,0.3;0,-50.0,0.2949723758547407,-0.2949723758547407,0.0,0.0,0.2949723758547407,0.995693482950853
delay_focused,0.3;0,-25.0,0.1461080425297041,-0.1461080425297041,0.0,0.0,0.1461080425297041,0.9989223256239563
delay_focused,0.3;0,0.0,0.0,0.0,0.0,0.0,0.0,1.0
delay_focused,0.3;0,25.0,-0.1461080425297041,0.1461080425297041,0.0,0.0,-0.1461080425297041,0.9989223256239562
delay_focused,0.3;0,50.0,-0.2949723758547407,0.2949723758547407,0.0,0.0,-0.2949723758547407,0.995693482950853
delay_focused,0.3;0,75.0,-0.44954561280178496,0.44954561280178496,0.0,0.0,-0.44954561280178496,0.9903259940411281
delay_focused,0.3;0,86.8600903895988,-0.5260278741403681,0.5260278741403681,0.0,0.0,-0.5260278741403681,0.9891775839725567
delay_focused,0.3;0,100.0,-0.6104009959201449,0.6104009959202585,5.684341886080802e-14,1.7041228261405195e-11,-0.6104009959202017,0.9920493400263095
delay_focused,0.3;0,125.0,-0.7654680756794505,0.7654680756794505,0.0,0.0,-0.7654680756794505,0.9958843862310662
delay_focused,0.3;0,150.0,-0.9160559570879059,0.9160559570879059,0.0,0.0,-0.9160559570879059,0.997575906861966
delay_focused,0.3;0,175.0,-1.0650796202116908,1.0650796202116908,0.0,0.0,-1.0650796202116908,0.997121386001885
delay_focused,0.3;0,200.0,-1.2153415362603255,1.2153415362602118,-5.684341886080802e-14,-1.7041228261405195e-11,-1.2153415362602686,0.994526616365277
delay_focused,0.3;0,225.0,-1.369730315079778,1.369730315079778,0.0,0.0,-1.369730315079778,0.9898056632725152
delay_focused,0.3;0,250.0,-1.5309225145841765,1.5309225145840628,-5.684341886080802e-14,-1.7041228261405195e-11,-1.5309225145841197,0.9855211715095338
delay_focused,0.3;0,275.0,-1.6888091719068825,1.6888091719069962,5.684341886080802e-14,1.7041228261405195e-11,-1.6888091719069394,0.9899649372232127
delay_focused,0.3;0,300.0,-1.840809984846942,1.8408099848470556,5.684341886080802e-14,1.7041228261405195e-11,-1.8408099848469988,0.9922787817492285
delay_focused,0.3;0,325.0,-1.9899520004410078,1.9899520004410078,0.0,0.0,-1.9899520004410078,0.9924617665686828
delay_focused,0.3;0,350.0,-2.1390525616195646,2.1390525616195646,0.0,0.0,-2.1390525616195646,0.9905211872816211
delay_focused,0.3;0,375.0,-2.2909208316648346,2.2909208316648346,0.0,0.0,-2.2909208316648346,0.9864725215765223
delay_focused,0.3;0,400.0,-2.4485575241928927,2.4485575241928927,0.0,0.0,-2.4485575241928927,0.9803393396598509
delay_focused,0.3;0,425.0,-2.6094982250073144,2.6094982250072007,-5.684341886080802e-14,-1.7041228261405195e-11,-2.6094982250072576,0.9812090039344559
delay_focused,0.3;0,450.0,-2.7635137048686147,2.763513704868501,-5.684341886080802e-14,-1.7041228261405195e-11,-2.763513704868558,0.984150876417051
delay_focused,0.3;0,475.0,-2.913315320083939,2.913315320083939,0.0,0.0,-2.913315320083939,0.9849827582665822
delay_focused,0.3;0,500.0,-3.0617774125615824,3.0617774125614687,-5.684341886080802e-14,-1.7041228261405195e-11,-3.0617774125615256,0.9837133333294703
sidelobe_focused,-0.08;0.01,-500.0,4.417744041278411,-4.4177440412785245,-5.684341886080802e-14,-1.7041228261405195e-11,4.417744041278468,0.9903471628586606
sidelobe_focused,-0.08;0.01,-475.0,4.1959353545566955,-4.195935354556582,5.684341886080802e-14,1.7041228261405195e-11,4.195935354556639,0.9936446013748094
sidelobe_focused,-0.08;0.01,-450.0,3.9773693829499734,-3.9773693829499734,0.0,0.0,3.9773693829499734,0.9948164781069065
sidelobe_focused,-0.08;0.01,-425.0,3.757425334749769,-3.757425334749769,0.0,0.0,3.757425334749769,0.9938621876917757
sidelobe_focused,-0.08;0.01,-400.0,3.53138604409628,-3.53138604409628,0.0,0.0,3.53138604409628,0.9907893045331543
sidelobe_focused,-0.08;0.01,-375.0,3.305729975662871,-3.305729975662757,5.684341886080802e-14,1.7041228261405195e-11,3.305729975662814,0.9938354357086293
sidelobe_focused,-0.08;0.01,-350.0,3.086157339466581,-3.086157339466695,-5.684341886080802e-14,-1.7041228261405195e-11,3.086157339466638,0.9960437710014596
sidelobe_focused,-0.08;0.01,-325.0,2.8676282276608163,-2.8676282276608163,0.0,0.0,2.8676282276608163,0.996117631135736
sidelobe_focused,-0.08;0.01,-300.0,2.6455135141459323,-2.645513514146046,-5.684341886080802e-14,-1.7041228261405195e-11,2.645513514145989,0.9940596801988215
sidelobe_focused,-0.08;0.01,-275.0,2.417576161780289,-2.417576161780289,0.0,0.0,2.417576161780289,0.9933535664002486
sidelobe_focused,-0.08;0.01,-250.0,2.195678697016092,-2.195678697016092,0.0,0.0,2.195678697016092,0.9966083385535214
sidelobe_focused,-0.08;0.01,-225.0,1.9772898757146322,-1.9772898757146322,0.0,0.0,1.9772898757146322,0.9977237256896841
sidelobe_focused,-0.08;0.01,-200.0,1.757771703225444,-1.757771703225444,0.0,0.0,1.757771703225444,0.9966973969548931
sidelobe_focused,-0.08;0.01,-175.0,1.5324050016358797,-1.5324050016358797,0.0,0.0,1.5324050016358797,0.993535296151943
sidelobe_focused,-0.08;0.01,-150.0,1.3066206173084538,-1.3066206173083401,5.684341886080802e-14,1.7041228261405195e-11,1.306620617308397,0.996495779095588
sidelobe_focused,-0.08;0.01,-125.0,1.0870720234131568,-1.087072023413043,5.684341886080802e-14,1.7041228261405195e-11,1.0870720234131,0.9986636658072623
sidelobe_focused,-0.08;0.01,-100.0,0.8688474186833446,-0.8688474186833446,0.0,0.0,0.8688474186833446,0.9986833517558211
sidelobe_focused,-0.08;0.01,-86.8600903895988,0.7531204323014435,-0.7531204323014435,0.0,0.0,0.7531204323014435,0.9978324109515825
sidelobe_focused,-0.08;0.01,-75.0,0.6473085250772783,-0.6473085250772783,0.0,0.0,0.6473085250772783,0.9965557570083245
sidelobe_focused,-0.08;0.01,-50.0,0.4226289467261495,-0.4226289467261495,0.0,0.0,0.4226289467261495,0.995693482950853
sidelobe_focused,-0.08;0.01,-25.0,0.20910530210653633,-0.20910530210653633,0.0,0.0,0.20910530210653633,0.9989223256239563
sidelobe_focused,-0.08;0.01,0.0,0.0,0.0,0.0,0.0,0.0,1.0
sidelobe_focused,-0.08;0.01,25.0,-0.20910530210653633,0.20910530210653633,0.0,0.0,-0.20910530210653633,0.9989223256239563
sidelobe_focused,-0.08;0.01,50.0,-0.4226289467261495,0.4226289467261495,0.0,0.0,-0.4226289467261495,0.995693482950853
sidelobe_focused,-0.08;0.01,75.0,-0.6473085250772783,0.6473085250772783,0.0,0.0,-0.6473085250772783,0.9965557570083245
sidelobe_focused,-0.08;0.01,86.8600903895988,-0.7531204323014435,0.7531204323014435,0.0,0.0,-0.7531204323014435,0.9978324109515824
sidelobe_focused,-0.08;0.01,100.0,-0.8688474186833446,0.8688474186833446,0.0,0.0,-0.8688474186833446,0.9986833517558211
sidelobe_focused,-0.08;0.01,125.0,-1.087072023413043,1.0870720234131568,5.684341886080802e-14,1.7041228261405195e-11,-1.0870720234131,0.9986636658072623
sidelobe_focused,-0.08;0.01,150.0,-1.3066206173083401,1.3066206173084538,5.684341886080802e-14,1.7041228261405195e-11,-1.306620617308397,0.9964957790955878
sidelobe_focused,-0.08;0.01,175.0,-1.5324050016358797,1.5324050016358797,0.0,0.0,-1.5324050016358797,0.993535296151943
sidelobe_focused,-0.08;0.01,200.0,-1.757771703225444,1.757771703225444,0.0,0.0,-1.757771703225444,0.9966973969548931
sidelobe_focused,-0.08;0.01,225.0,-1.9772898757146322,1.9772898757146322,0.0,0.0,-1.9772898757146322,0.9977237256896841
sidelobe_focused,-0.08;0.01,250.0,-2.195678697016092,2.195678697016092,0.0,0.0,-2.195678697016092,0.9966083385535214
sidelobe_focused,-0.08;0.01,275.0,-2.417576161780289,2.417576161780289,0.0,0.0,-2.417576161780289,0.9933535664002485
sidelobe_focused,-0.08;0.01,300.0,-2.645513514146046,2.6455135141459323,-5.684341886080802e-14,-1.7041228261405195e-11,-2.645513514145989,0.9940596801988216
sidelobe_focused,-0.08;0.01,325.0,-2.8676282276608163,2.8676282276608163,0.0,0.0,-2.8676282276608163,0.996117631135736
sidelobe_focused,-0.08;0.01,350.0,-3.086157339466695,3.086157339466581,-5.684341886080802e-14,-1.7041228261405195e-11,-3.086157339466638,0.9960437710014596
sidelobe_focused,-0.08;0.01,375.0,-3.305729975662757,3.305729975662871,5.684341886080802e-14,1.7041228261405195e-11,-3.305729975662814,0.9938354357086293
sidelobe_focused,-0.08;0.01,400.0,-3.53138604409628,3.53138604409628,0.0,0.0,-3.53138604409628,0.9907893045331543
sidelobe_focused,-0.08;0.01,425.0,-3.757425334749769,3.757425334749769,0.0,0.0,-3.757425334749769,0.9938621876917757
sidelobe_focused,-0.08;0.01,450.0,-3.9773693829499734,3.9773693829499734,0.0,0.0,-3.9773693829499734,0.9948164781069065
sidelobe_focused,-0.08;0.01,475.0,-4.195935354556582,4.1959353545566955,5.684341886080802e-14,1.7041228261405195e-11,-4.195935354556639,0.9936446013748095
sidelobe_focused,-0.08;0.01,500.0,-4.4177440412785245,4.417744041278411,-5.684341886080802e-14,-1.7041228261405195e-11,-4.417744041278468,0.9903471628586606
