first_harmonic,second_harmonic,on_pareto_front,representative,delay_variance_ratio_to_lfm,delay_std_ratio_to_lfm,rms_bandwidth_hz,mainlobe_width_samples,peak_sidelobe_db,peak_sidelobe_amplitude_ratio_to_lfm,integrated_sidelobe_db,integrated_sidelobe_energy_ratio_to_lfm,doppler_coupling_samples_per_hz,doppler_coupling_ratio_to_lfm,doppler_fit_residual_rms_samples
-0.08,0.0,True,,1.1665471339154154,1.08006811540542,33442.00906984352,18,-18.84523428376801,0.5394609048007962,-13.544386196367027,0.4180589321653112,0.008685113114646823,1.0785154582324827,0.0043218162489496
-0.08,0.009999999999999995,True,sidelobe_focused,1.1794413784398745,1.0860208922667531,33258.704292555165,18,-18.91807546094516,0.5349558210562689,-14.050100129875016,0.3721055208196341,0.008736710096427779,1.0849227602116653,0.004546561845622122
-0.08,0.020000000000000004,True,,1.192198552626254,1.0918784513975235,33080.28257651425,18,-17.975766280092746,0.5962568434747627,-14.066895268254559,0.3706692845084719,0.008786108856460074,1.0910570874920433,0.004758565104656719
-0.07,0.0,True,,1.1441255890972803,1.0696380645327093,33768.1024162284,18,-18.707605081582876,0.5480768223666399,-13.181256509151142,0.4545173601734383,0.008604560666857343,1.0685124727799493,0.003991819591005801
-0.07,0.009999999999999995,True,,1.1565262965395027,1.0754191259873997,33586.57739908938,18,-17.77743650325427,0.6100281349940229,-13.551880035621746,0.4173381850205043,0.008654277320310334,1.074686275996192,0.004209232127136364
-0.06,-0.009999999999999995,True,,1.1101254688401785,1.053624918479142,34281.31498975353,18,-17.084986444156446,0.6606514133766965,-12.12325704114422,0.5798964130684666,0.008475254228100007,1.0524552273292722,0.003518018803726
-0.06,0.0,True,,1.1221728915256517,1.0593266217393253,34096.79976901876,18,-17.655368001277957,0.6186617854154817,-12.699294729421586,0.5078630933764691,0.00852468089033636,1.0585930194992836,0.0037061737861690375
-0.06,0.009999999999999995,True,,1.1340998114140581,1.064941224394125,33917.033995924365,18,-16.791011566774237,0.6833939225975555,-12.961882618687198,0.47806600755963635,0.008572241993122858,1.0644991469024276,0.003893555341197893
-0.05,-0.009999999999999995,True,,1.0890914250855448,1.0435954317097909,34610.77599032765,18,-17.125746842129395,0.6575584280071579,-11.78946882882711,0.6262233305987114,0.00839746843606384,1.0427958045866503,0.0032536180480754484
-0.05,0.0,True,,1.1006842532954757,1.049135002416503,34428.02654400189,18,-16.739517853861873,0.6874574106911882,-12.25743712099312,0.562253819618424,0.008445048509155848,1.048704287718208,0.0034308856298012323
-0.05,0.009999999999999995,True,,1.1121564314269647,1.0545882757867948,34249.999303746416,18,-15.926515700973988,0.7549112641593109,-12.439446037354344,0.5391772046748184,0.008490789700870954,1.0543844189601974,0.003607531097193074
-0.04,-0.009999999999999995,True,,1.0684980288867871,1.0336817831841612,34942.71476873049,18,-16.794031580862942,0.6831563533204527,-11.382682533799407,0.6877140121627459,0.008319941599001054,1.03316853881632,0.0029996342411338023
-0.04,0.0,True,,1.0796543439352264,1.0390641673810268,34761.71043649483,18,-15.933223149452388,0.7543285289374446,-11.760574773322727,0.6304035486742688,0.008365733469861001,1.0388549633834971,0.0031663666572313105
-0.04,0.009999999999999995,True,,1.0906901325019422,1.0443611121168492,34585.40086601346,18,-15.161234085940906,0.8244417687453228,-11.882749408656855,0.6129163204400876,0.00840971388399477,1.0443164416482698,0.0033326374492162955
-0.03,-0.020000000000000004,True,,1.0374963543328724,1.0185756497839875,35460.937750766825,18,-15.645151098056926,0.7797657144270682,-10.47324015884797,0.8479145948235631,0.008196993503463701,1.0179008710442496,0.0026003905200907692
-0.03,-0.009999999999999995,True,,1.0483401286307847,1.0238848219554701,35277.06138123389,18,-16.037617878156208,0.74531660449285,-10.966803362904425,0.7568255588690791,0.008242738417052429,1.0235814644676962,0.0027564403637825013
-0.03,0.0,True,,1.05907735727819,1.0291148416373121,35097.78136516896,18,-15.217232025972567,0.8191436884725399,-11.273718684935137,0.7051869358691273,0.008286799654129099,1.0290529793079457,0.0029129878556636516
-0.020000000000000004,-0.020000000000000004,True,,1.018170623009008,1.0090444108209549,35795.894931968396,16,-15.610977698567957,0.7828396348997918,-10.081473240075848,0.9279590306245653,0.008121871133377557,1.008572191460292,0.0023782965099897503
-0.020000000000000004,-0.009999999999999995,True,,1.0286121470102052,1.0142051799365872,35613.74801270017,16,-15.364591167643182,0.8053638509971018,-10.496003941400971,0.8434818315816954,0.008165917987347901,1.0140419202095252,0.002524372343784511
-0.020000000000000004,0.0,True,,1.038947073236674,1.0192875321697377,35436.17141529207,16,-14.577274122550305,0.8817754120282445,-10.73964341419084,0.7974652823601819,0.008208305227529382,1.0193055584792956,0.002671081864986462
-0.009999999999999995,-0.020000000000000004,True,,0.9992529325230248,0.9996263964717143,36133.14718271238,16,-15.297799992256264,0.8115806633786506,-9.671398387870596,1.0198499707375979,0.008047130325843388,0.9992908942310784,0.002167294261303653
-0.009999999999999995,-0.009999999999999995,True,,1.0093081365216745,1.0046432881981915,35952.70892240444,16,-14.719319670176844,0.8674724823367808,-10.024938997947784,0.9401176942681123,0.008089534125332429,1.0045565888320611,0.002303731100979071
-0.009999999999999995,0.0,True,,1.019256914727213,1.0095825447813631,35776.81478165709,16,-14.002489627255937,0.9421004457698279,-10.223678823515092,0.898065978320962,0.00813030297778435,1.00961925606545,0.0024409451894373256
0.0,-0.03,True,,0.9709588532834943,0.9853724439436564,36655.832962893546,16,-14.279419607832653,0.9125374785225719,-8.866212909125958,1.2275942220041252,0.007930482729068494,0.984805621025456,0.001842129335196691
0.0,-0.020000000000000004,True,,0.9807376091201523,0.990321972451461,36472.63083744938,16,-14.643062600800532,0.8751219168791154,-9.286776076137217,1.1142907335617827,0.007972820935771308,0.9900631703285065,0.001967656154294093
0.0,-0.009999999999999995,True,,0.9904218306247302,0.9951993923956798,36293.88038962558,16,-14.083399644044947,0.9333654235639248,-9.592200619406801,1.0386185253034887,0.008013635676164445,0.9951315359164583,0.002094784594381845
0.0,0.0,True,lfm,1.0,1.0,36119.64771143685,16,-13.484433813006527,1.0,-9.756761265557056,1.0,0.008052840641598552,1.0,0.0022228403990407195
0.009999999999999995,-0.03,True,,0.953196184983909,0.9763176660205986,36995.794471954985,16,-14.185398204516641,0.9224690000346802,-8.498279650813995,1.3361282961970131,0.007858207879910184,0.9758305459712,0.0016632030591313845
0.009999999999999995,-0.020000000000000004,True,,0.9626186933819163,0.9811313334013527,36814.28416542206,16,-14.049907100496611,0.9369714019133614,-8.870406258430446,1.2264094851069571,0.007898988221823371,0.9808946399633905,0.0017796245332233557
0.009999999999999995,-0.009999999999999995,True,,0.9719466907893399,0.9858735673448903,36637.20065922108,16,-13.506005162437553,0.9975195879365673,-9.136332065596102,1.1535672557136263,0.007938266815423914,0.9857722471766317,0.0018977698547429185
0.020000000000000004,-0.03,True,,0.9358097130377699,0.9673725823268767,37337.88653029239,16,-14.068553351185829,0.9349621357318705,-8.133486150466302,1.4532071015422965,0.0077863993630507165,0.9669133799604228,0.0014957844337737012
0.020000000000000004,-0.020000000000000004,True,,0.9448899825678925,0.9720545162530199,37158.047318855446,16,-13.51027715723105,0.9970290969344688,-8.46589905107129,1.3461275772281225,0.007825673123016281,0.9717903869339234,0.0016034135788228784
0.020000000000000004,-0.009999999999999995,True,,0.9538759496605178,0.9766657307700101,36982.60988737659,16,-12.979687538541961,1.0598326967012897,-8.700547644864503,1.2753264356510017,0.007863467338541227,0.9764836644004751,0.0017128949871217122
0.03,-0.04,True,,0.9099579048218633,0.9539171372933098,37864.55479133593,16,-13.070114492159142,1.0488562393476568,-7.395554216059036,1.7223472063152507,0.0076758957209802576,0.9531910617141595,0.001243484504747421
0.03,-0.03,True,,0.9187935611464612,0.9585371986242689,37682.051112129215,16,-13.5793605152886,0.9891306623341695,-7.76859306001013,1.5805812312087215,0.007715095172892232,0.9580588411297215,0.001340067225008946
0.03,-0.020000000000000004,True,,0.9275450694828188,0.9630914128382719,37503.86228134949,16,-13.017755677967829,1.055197872114686,-8.0684117606252,1.4751458115322102,0.007752912524882334,0.9627549916774858,0.0014392111498619077
0.03,-0.009999999999999995,True,,0.9362026505669679,0.967575656249664,37330.05008769762,16,-12.498480440331976,1.1202054174367246,-8.278339110532977,1.4055367826504697,0.007789272938553268,0.9672702199415479,0.0015403411311836017
0.03,0.0,True,,0.944756310420237,0.9719857562846469,37160.67594395816,16,-12.016906761520897,1.1840672047455625,-8.383055434583571,1.3720520375883878,0.007824101236377877,0.9715951903929309,0.0016428793814055992
0.039999999999999994,-0.04,True,,0.8936218951294121,0.9453157647735555,38209.08214737019,16,-12.977594294761964,1.060088140373137,-7.04646145381674,1.866508539319152,0.007606557101053804,0.9445806069675113,0.00110793309801876
0.039999999999999994,-0.03,True,,0.9021416699102957,0.9498113864922317,38028.23194700906,16,-13.117745450108602,1.0431203502548012,-7.386835681558481,1.7258083201535652,0.007644329550016837,0.9492711814671372,0.0011962212650167775
0.039999999999999994,-0.020000000000000004,True,,0.9105773780718281,0.9542417817680319,37851.67281662504,16,-12.56715376155839,1.111383647830452,-7.659422723416547,1.6208165187869634,0.007680739514841258,0.9537925629826658,0.0012871805824558298
0.039999999999999994,-0.009999999999999995,True,,0.9189196835970367,0.9586029853891739,37679.46507779025,16,-12.057536028552251,1.1785415251690285,-7.849684854951265,1.5513423236682813,0.007715715471929546,0.9581358697293079,0.0013802643693856548
0.039999999999999994,0.0,True,,0.9271590555154335,0.9628909883862418,37511.66865936882,16,-11.584501791776066,1.2445048718087042,-7.944233680050977,1.5179335448252709,0.007749185648828326,0.962292189019408,0.0014749242866011509
0.05,-0.05,True,,0.8693403184261017,0.9323842118065394,38739.01687100996,16,-12.224478911375932,1.156106239509151,-6.349213143010073,2.1915673024080786,0.007500072944952579,0.9313574276149783,0.000907132297784998
0.05,-0.04,True,,0.8776316297020709,0.9368199558624223,38555.591696577016,16,-12.873272311879017,1.0728971090049348,-6.7131361639424325,2.0154058283434195,0.007537740325579859,0.9360349547515147,0.0009841119790720736
0.05,-0.03,True,,0.8858478289345447,0.9411948942352719,38376.37447107524,16,-12.695410975121542,1.0950933504938287,-7.026738940276312,1.8750041466624556,0.007574133216003211,0.9405542159716308,0.0010643941031201526
0.05,-0.020000000000000004,True,,0.8939801959429908,0.9455052596062017,38201.42441775576,16,-12.154221433759776,1.1654955480954845,-7.277560315940757,1.7697833092032247,0.0076091836265960305,0.9449067683382777,0.0011474624400318453
0.05,-0.009999999999999995,True,,0.9020198184600245,0.9497472392484353,38030.80042645816,16,-11.652866774857022,1.2347480583627304,-7.452652832990027,1.6998509537384756,0.007642823212353258,0.9490841247835866,0.0012327975752321602
0.05,0.0,True,,0.909957607414906,0.9539169814060896,37864.560979086345,16,-11.187153289208032,1.3027588321786066,-7.540016144415244,1.6659981396557926,0.007674983460622626,0.9530777774212953,0.0013198793133457306
0.06000000000000001,-0.05,True,,0.8539816625017438,0.9241112825313539,39085.820500423724,14,-12.165278228220462,1.1640128621944321,-5.982836854689939,2.3844731752382646,0.007433157199818165,0.9230478449332166,0.0008029935938096235
0.06000000000000001,-0.04,True,,0.8619812481881269,0.9284294524562041,38904.03047413092,14,-12.759430576557856,1.087051605562833,-6.315707844257403,2.208540369879754,0.007469473965232536,0.9275576529662689,0.0008721547229761656
0.06000000000000001,-0.03,True,,0.8699057061833712,0.9326873571478125,38726.42577882891,14,-12.308595497412682,1.1449642214349058,-6.601975051123769,2.0676575970132185,0.007504533598144912,0.931911350558553,0.0009447126077949306
0.06000000000000001,-0.020000000000000004,True,,0.8777467040114779,0.9368813713653815,38553.06425700109,14,-11.775439323320553,1.2174460486853862,-6.830664550361463,1.9615964709809401,0.00753827107346264,0.9361008629082015,0.0010201762062405086
0.06000000000000001,-0.009999999999999995,True,,0.885495734344422,0.9410078290558597,38384.00340162604,14,-11.281158179900801,1.2887354695265492,-6.990413017309986,1.8907531161294686,0.007570621092441041,0.9401180812312975,0.0010980521949130746
0.06000000000000001,0.0,True,,0.893144129711785,0.9450630294915705,38219.300283991295,14,-10.821722084700706,1.3587375772414019,-7.0706031119817805,1.8561617348416817,0.007601518261555062,0.9439548849741177,0.001177847252300228
0.06999999999999999,-0.05,True,,0.8389456848845472,0.915939782346278,39434.52223345131,14,-12.100335945080436,1.172748519603594,-5.650215306120675,2.5742729661054415,0.0073667726228945785,0.9148042226043872,0.000710563693229783
0.06999999999999999,-0.04,True,,0.846664781392702,0.9201438916781994,39254.3471060382,14,-12.523240720525465,1.1170166704834128,-5.959349131050448,2.397403932928574,0.00740178353446574,0.9191518699911125,0.0007721761391129609
0.06999999999999999,-0.03,True,,0.8543088747547648,0.9242883071611178,39078.334575469904,14,-11.954166651486378,1.1926509489767942,-6.225450538334437,2.254919657965535,0.007435555044025617,0.9233456087055513,0.0008372845164068145
0.06999999999999999,-0.020000000000000004,True,,0.8618700034537262,0.9283695403521844,38906.541136339496,14,-11.427865579413359,1.2671511197061496,-6.438589968389699,2.146926268110049,0.007468024970645015,0.9273777171334354,0.000905421915744054
0.06999999999999999,-0.009999999999999995,True,,0.8693400469771493,0.9323840662394168,38739.022919083305,14,-10.939630278421621,1.3404177701835038,-6.588463520443485,2.074100396472176,0.007499130933500081,0.9312404488376221,0.0009761199581371053
0.06999999999999999,0.0,True,,0.8767107399555344,0.9363283291428998,38575.83562007593,14,-10.48556732551621,1.412353219864502,-6.6653231924542435,2.03771671222295,0.007528810522165491,0.9349260537050641,0.0010489109619206988
0.08,-0.06,True,,0.8167100455833148,0.9037201146280384,39967.73683221969,14,-11.35715784642062,1.2775084997104156,-4.993965058877307,2.9941918276816115,0.007266032093311473,0.902294285544077,0.000579660435752642
0.08,-0.05,True,,0.8242267616177389,0.907869352725236,39785.072161554024,14,-11.99314687844593,1.1873106044828359,-5.313953197778092,2.781511160115071,0.007300942989033636,0.9066295129844195,0.000629946811387983
0.08,-0.04,True,,0.831676175491029,0.91196281475235,39606.49176386145,14,-12.146307147382602,1.166557991843571,-5.602480182055357,2.6027239495311996,0.007334691688892207,0.9108204191951094,0.0006842736880397923
0.08,-0.03,True,,0.839050837244202,0.915997181897522,39432.051129910324,14,-11.629494162690264,1.2380750809087953,-5.851432454689357,2.457722702044047,0.007367219025962291,0.9148596568402774,0.0007421999270493146
0.08,-0.020000000000000004,True,,0.8463431401532311,0.9199690973903586,39261.805438787116,14,-11.109021379484359,1.314530362368321,-6.051747854089216,2.3469365102606896,0.0073984655465535966,0.9187398429735898,0.0008032817194841424
0.08,-0.009999999999999995,True,,0.8535453330796866,0.9238751718060653,39095.80949212789,14,-10.625933473367656,1.3897126699639748,-6.193978384476693,2.271319806639503,0.007428371663473122,0.9224535780703754,0.0008670745145643307
0.08,0.0,True,,0.8606495340435117,0.9277119887354651,38934.11764643723,14,-10.176450870273568,1.4635216357257859,-6.2690577793411535,2.232391440285507,0.007456877818049022,0.9259934661477137,0.0009331350747975798
0.09000000000000001,-0.06,True,,0.802561809207208,0.8958581412295186,40318.49022643755,14,-11.259354734387694,1.2919745355738745,-4.67060731727667,3.225636277699723,0.0072020139663171836,0.8943445284529469,0.0005180603168877396
0.09000000000000001,-0.05,True,,0.8098191929901783,0.8998995460551018,40137.421859778566,14,-11.847719752760169,1.2073569961367805,-4.9697408776988965,3.0109395668088603,0.007235689417054404,0.8985263386036735,0.000561231444242303
0.09000000000000001,-0.04,True,,0.8170093140786784,0.9038856753365873,39960.41612008807,14,-11.748759356927279,1.2211913595085464,-5.240101042551744,2.8292154581726283,0.007268218413385693,0.9025657822955372,0.0006085288454319137
0.09000000000000001,-0.03,True,,0.8241250478586772,0.9078133331575811,39787.527228537736,14,-11.332353818485352,1.2811618553527013,-5.474242626476036,2.680722527181025,0.007299544335427282,0.9064558284836821,0.0006595327292291705
0.09000000000000001,-0.020000000000000004,True,,0.8311591268122545,0.9116792894501083,39618.809080573614,14,-10.816803958634459,1.3595071397385614,-5.663846301049878,2.5662058841439013,0.00732961034331672,0.9101894188063474,0.0007138213809238125
0.09000000000000001,-0.009999999999999995,True,,0.838104152408291,0.9154802851008267,39454.31518217654,14,-10.338069010388448,1.4365417095902628,-5.8001803819425515,2.486898660202856,0.007358359523306168,0.9137594857267006,0.000770972993986891
0.09000000000000001,0.0,True,,0.8449526081179074,0.9192130373955253,39294.09858434704,14,-9.892463971005464,1.5121625984513754,-5.874735155107165,2.444570750273273,0.007385735041808318,0.9171589716622272,0.0008305676186653586
0.09999999999999999,-0.06,True,,0.7887093015694403,0.8880930703307173,40671.01626858348,14,-11.157594465912876,1.3071997837850733,-4.35610287908545,3.4678941942726476,0.007138549469363875,0.8864635210199338,0.00046819093772603647
0.09999999999999999,-0.05,True,balanced_knee,0.7957172235181451,0.8920298333117257,40491.524344359685,14,-11.697543783686982,1.2284132761669075,-4.637032648026235,3.250669839251552,0.007171030542878156,0.8904970136668009,0.0005044916150729111
0.09999999999999999,-0.04,True,,0.8026580382026142,0.8959118473391309,40316.073304212514,14,-11.380100036334559,1.2741386468895861,-4.891765455846235,3.06548772168933,0.007202381201019347,0.8943901315784162,0.0005450084093663386
0.09999999999999999,-0.03,True,,0.8095249324361955,0.8997360348658908,40144.716129793145,14,-11.004611829268383,1.3304271507544774,-5.1134096340358814,2.91296430679193,0.007232547267588331,0.8981361471661524,0.0005893419720690497
0.09999999999999999,-0.020000000000000004,True,,0.816310962895975,0.9034992877119357,39977.50546423557,14,-10.54941963321458,1.402008701250286,-5.294246414268484,2.7941613764592264,0.007261474406717277,0.9017283130137562,0.0006370917027783013
0.09999999999999999,-0.009999999999999995,True,,0.8230090675564454,0.9071984719764719,39814.49355039656,14,-10.074327456594132,1.480830387531412,-5.426109910465325,2.7105981370570054,0.007289108262026441,0.9051598791578093,0.0006878574895567009
0.09999999999999999,0.0,True,,0.8296120781579752,0.9108304332629511,39655.73216744871,14,-9.631970323696281,1.5581999083386684,-5.500916623112779,2.6643082173230526,0.007315394603004538,0.9084241112652112,0.0007412415529814758
0.11,-0.07,True,,0.7683186964862201,0.8765379036220967,41207.17148931095,14,-10.611823187826307,1.3919721021824731,-3.747038547665702,3.98999426806052,0.007043266810560167,0.8746313411663419,0.00040513886536888867
0.11,-0.06,True,,0.7751471085132785,0.8804243911394541,41025.26926212305,14,-11.053393275199689,1.3229761862250329,-4.029616440622945,3.7386471819345575,0.007075656012865059,0.8786534252664021,0.0004301199101478801
0.11,-0.05,True,,0.7819150601133221,0.8842596112643176,40847.3340310012,14,-11.434098267484337,1.266242182901936,-4.293930076016833,3.5178969942655822,0.007106982684281707,0.882543564511779,0.0004597880688080651
0.11,-0.04,True,,0.7886161645111113,0.8880406322410654,40673.4178595917,14,-11.037943879595385,1.3253314280559216,-4.534572852354438,3.328272229372007,0.007137195222976206,0.8862953509979574,0.0004937657508391542
0.11,-0.03,True,,0.7952439065189048,0.8917644905012224,40503.57251961844,14,-10.665441421919175,1.383405887299103,-4.745161539030306,3.1707351903172833,0.007166241796183762,0.8899023481434754,0.0005316731675109546
0.11,-0.020000000000000004,True,,0.8017916525675923,0.8954281950930473,40337.84943267676,14,-10.305331595107752,1.4419663007660237,-4.91851906878371,3.0466616063420364,0.0071940704657983525,0.8933581062856191,0.0005731298824551602
0.11,-0.009999999999999995,True,,0.8082526616885133,0.8990287324043171,40176.299610403206,14,-9.83324054881563,1.5225082801180543,-5.04698300702139,2.957861440623591,0.007220629320841701,0.8966561791303931,0.0006177564622806169
0.11,0.0,True,,0.8146200974470571,0.9025630711740078,40018.97359311883,14,-9.393561329861958,1.6015615144509836,-5.122844538134393,2.906642857156294,0.007245866616483323,0.8997901410159982,0.0006651762213081356
0.12000000000000001,-0.06,True,,0.7618697824680136,0.8728515237244039,41381.204855227305,14,-10.948250672087248,1.339088119758089,-3.7114032342766845,4.022868190560361,0.007013348848730764,0.8709161351712231,0.0004039028461328975
0.12000000000000001,-0.05,True,,0.7684068885598745,0.8765882092293248,41204.80669388923,14,-11.113615323750459,1.3138352945306906,-3.9608846327577982,3.7982860045795395,0.007043559997403948,0.874667749044857,0.0004271694138797259
0.12000000000000001,-0.04,True,,0.7748775016544441,0.8802712659484258,41032.405701122894,14,-10.720252388825779,1.3747036039007094,-4.189099029616413,3.6038459935016283,0.007072673489630406,0.8782830561795925,0.0004548420040829933
0.12000000000000001,-0.03,True,,0.7812753916209455,0.8838978400363616,40864.052467817964,14,-10.350286517211167,1.4345225012959346,-4.390099381712797,3.440853548900727,0.007100639738969267,0.881755898941983,0.00048655952965279646
0.12000000000000001,-0.020000000000000004,True,,0.7875942207647291,0.8874650532639181,40699.79722423553,14,-10.001925442455775,1.4932255712011095,-4.55716545227576,3.311003053936915,0.007127409102456708,0.8850801126795751,0.0005219607967069805
0.12000000000000001,-0.009999999999999995,True,,0.7938275543642945,0.8909700075559752,40539.689782057714,14,-9.613543117332108,1.5615091549178095,-4.683052438062592,3.216406141870417,0.007152932006632776,0.8882495413708897,0.0005606860694434254
0.12000000000000001,0.0,True,,0.7999688720835021,0.8944097897963227,40383.77947502354,14,-9.176020598996745,1.6421796298822986,-4.760355197093724,3.1596618525265923,0.007177159079506716,0.89125805401285,0.0006023787203239004
0.13,-0.06,True,,0.7488718574272024,0.8653738252496446,41738.78000182984,14,-10.843637746596468,1.355313621874085,-3.391687241691091,4.330194483292316,0.006951641214597574,0.8632532945812297,0.00038958440051685693
0.13,-0.05,True,,0.7551868884180775,0.8690148953948243,41563.899425482705,14,-10.816286633430128,1.3595881133961616,-3.6275599020327465,4.1012867632276295,0.006980774625189087,0.8668710751742068,0.00040667321009884227
0.13,-0.04,True,,0.7614358650619365,0.8726029251967566,41392.994073785056,14,-10.425272299148318,1.4221914902580104,-3.8444729454113307,3.901475032705135,0.007008827003013039,0.8703546133531498,0.0004282671989675526
0.13,-0.03,True,,0.7676128298248499,0.8761351664126089,41226.113385370714,14,-10.0574419655867,1.4837119425117395,-4.036877756425115,3.732401462359227,0.007035750914007021,0.8736980187665018,0.00045402314827678073
0.13,-0.020000000000000004,True,,0.7737117275593063,0.8796088491820135,41063.30642879057,14,-9.711031747323212,1.54408108639029,-4.198466896899248,3.59608076334524,0.007061498911332156,0.8768953994761273,0.00048359821535292523
0.13,-0.009999999999999995,True,,0.7797264156050283,0.8830211863851446,40904.621846392096,14,-9.384507117285823,1.603231860210508,-4.322370548364351,3.494934748279498,0.0070860236552074815,0.879940876838319,0.0005166514168508017
0.13,0.0,True,,0.7856506746943562,0.886369378247216,40750.107796890494,14,-8.97829553739114,1.6799908400012487,-4.401455526523109,3.4318679895839805,0.007109278038115079,0.882828601051744,0.0005528451872626142
0.14,-0.07,True,,0.7299865378725716,0.8543924963812426,42275.239851029466,14,-10.429869695909364,1.4214389307893271,-2.83562223870186,4.921686001225238,0.0068614330891581185,0.8520512691774899,0.00038100375446038494
0.14,-0.06,True,,0.7361478625103184,0.8579905958169463,42097.95292341764,14,-10.740988432330294,1.3714256536226874,-3.071229381166152,4.661795179342598,0.006890544470689063,0.8556663142065153,0.00038719926444182214
0.14,-0.05,True,,0.7422492464663559,0.8615388827362094,41924.57059711855,14,-10.54055175334309,1.403440816334817,-3.294444435515706,4.428245428964349,0.006918636837961589,0.8591548182664874,0.0003983270029098163
0.14,-0.04,True,,0.7482850902145711,0.8650347335307242,41755.14151207659,14,-10.151487293486998,1.4677339027125271,-3.500908508234088,4.222651846355021,0.006945664900920739,0.862511157248229,0.0004140613339732141
0.14,-0.03,True,,0.7542496968331088,0.8684755015733655,41589.713982721485,14,-9.785430964384584,1.530911700947753,-3.685441739679447,4.046988335005596,0.006971583287103083,0.8657296968090962,0.0004340760991940265
0.14,-0.020000000000000004,True,,0.7601372809349367,0.8718585211689662,41428.33594492892,14,-9.440642246876902,1.5929039100148732,-3.8421168133591435,3.903592233069128,0.006996346650355559,0.8688048058736612,0.00045804594699906746
0.14,-0.009999999999999995,True,,0.7659419783423098,0.8751811117376276,41271.05490167987,14,-9.115606083090167,1.6536415899731993,-3.9644095504053127,3.795204405802704,0.007019909784719968,0.8717308707758633,0.0004856477359887403
0.14,0.0,True,,0.7716578565007063,0.8784405822255176,41117.917867510405,14,-8.799474438957576,1.714936203496154,-4.045440190918424,3.7250500082559594,0.007042227743179187,0.8745023100048891,0.0005165620075412499
0.15000000000000002,-0.07,True,,0.7177368999801307,0.8471935434008753,42634.47000132029,14,-10.37427928479405,1.430565431379736,-2.537521058566269,5.271376312562633,0.0068019771384095285,0.8446680421406281,0.0003964166183052895
0.15000000000000002,-0.06,True,,0.7236923342074972,0.8507010839345964,42458.683071589694,14,-10.641693577351461,1.387193393405743,-2.7595890288906597,5.008610085316698,0.006830068229497716,0.8481563877243066,0.00039677311093763766
0.15000000000000002,-0.05,True,,0.7295881687879554,0.854159334543594,42286.779820461474,14,-10.285056700503976,1.445336118257038,-2.97105820196145,4.770570369029898,0.006857155166375776,0.8515200376564979,0.0004021493038983208
0.15000000000000002,-0.04,True,,0.735419044525978,0.8575657668808719,42118.80780037525,14,-9.897579724038744,1.5112722379855614,-3.1678667613727107,4.559208466104306,0.0068831945929395035,0.8547536079856083,0.0004122353902051348
0.15000000000000002,-0.03,True,,0.7411795135943358,0.8609178320805858,41954.81422907255,14,-9.532968461803584,1.5760618895097205,-3.3451682644154084,4.376826186078352,0.006908143110706743,0.8578517094975596,0.0004267214908841287
0.15000000000000002,-0.020000000000000004,True,,0.7468640481078972,0.8642129645567099,41794.84593819313,14,-9.1895012947432,1.6396329070208635,-3.4973774505409616,4.226086495207109,0.0069319573823073835,0.8608089605671541,0.0004452989153554496
0.15000000000000002,-0.009999999999999995,True,,0.7524670493825899,0.8674485860168255,41638.9493206647,14,-8.865678924878218,1.7019145235002842,-3.6182810909960033,4.1100586330626845,0.006954594239669764,0.8636200005926383,0.0004676614895147974
0.15000000000000002,0.0,True,,0.7579828578738632,0.8706221096858632,41487.17027697528,14,-8.560188398493176,1.7628374604258765,-3.7012288136724685,4.032303800936636,0.006976010796595397,0.8662795039752089,0.0004935069458122672
0.15000000000000002,0.009999999999999995,True,,0.7634057637842746,0.8737309447331453,41339.55416042694,14,-8.23379410961614,1.8303409033456297,-3.7394066280986706,3.997012107002644,0.006996164565382741,0.868782194601326,0.000522538367671028
0.15999999999999998,-0.07,True,,0.7057425745685475,0.840084861528017,42995.236988010234,14,-10.323251375105347,1.4389944598348505,-2.2342924451112296,5.652582140901734,0.006743115245766448,0.8373585851101465,0.00042360589147619573
0.15999999999999998,-0.06,True,,0.7114998274020669,0.8435044916312342,42820.93109141113,14,-10.459568577963658,1.4165870319205889,-2.4433513553095105,5.386925768355508,0.006770220478497468,0.8407245070173803,0.00041832349027995765
0.15999999999999998,-0.05,True,,0.7171978916028122,0.8468753695809155,42650.487909821975,14,-10.048621845617216,1.4852193487194405,-2.6435190846789225,5.144275488737699,0.006796336526968571,0.8439675922382893,0.000418150518055784
0.15999999999999998,-0.04,True,,0.7228316379382572,0.8501950587590222,42483.9539342401,14,-9.662399968035707,1.5527505517855724,-2.8310229488989673,4.926900953660568,0.00682142188866618,0.8470826869997609,0.00042279228939577916
0.15999999999999998,-0.03,True,,0.7283958566164033,0.8534611043371592,42321.37531269124,14,-9.29893180084953,1.619105323097744,-3.0013405283743806,4.737422012984845,0.006845435054598427,0.85006463672421,0.000431954449766475
0.15999999999999998,-0.020000000000000004,True,,0.7338852655099402,0.8566710369272094,42162.797800418586,14,-8.956510599506903,1.6842096859758062,-3.1492211853560326,4.5788246062670375,0.0068683346077670305,0.8529082982577949,0.0004453441709133614
0.15999999999999998,-0.009999999999999995,True,,0.7392945190113392,0.8598223764309343,42008.266708953444,14,-8.633649477102521,1.7479910989020488,-3.268761415572528,4.454510479729771,0.006890079325888186,0.8556085526262756,0.00046267140624955115
0.15999999999999998,0.0,True,,0.744618217512212,0.8629126360832897,41857.82685415506,14,-8.329045918889262,1.810378547507397,-3.3535495220376244,4.3683876874626115,0.006910628288084025,0.8581603182839355,0.0004836502024717066
0.15999999999999998,0.009999999999999995,True,,0.7498509174959351,0.8659393266828428,41711.52250331502,14,-8.041553232351276,1.8713026345987098,-3.3968866055263036,4.325013486088526,0.006929940985201647,0.860558564812975,0.000508000058954759
0.16999999999999998,-0.07,True,,0.6939984445367499,0.8330656904090756,43357.50244821673,12,-10.200647956078896,1.459450241859707,-1.906752302184358,6.095381552603026,0.006684854911476428,0.8301238294651552,0.00046258861951561003
0.16999999999999998,-0.06,True,,0.6995649252605762,0.8363999792327689,43184.65878558422,12,-10.24011764581557,1.4528333760107341,-2.1018042053003967,5.8276801279992405,0.006711007696107574,0.833371476574431,0.00045186067832445254
0.16999999999999998,-0.05,True,,0.7050726909395832,0.8396860668961843,43015.6568453607,12,-9.830216035964268,1.5230385249025244,-2.2895579856459,5.58110673240876,0.0067361863405986655,0.8364981551729154,0.00044633381954415854
0.16999999999999998,-0.04,True,,0.7105168323328868,0.8429216050931941,42850.542082669046,12,-9.444941678676546,1.5921156330163844,-2.4665342098795806,5.358246704995426,0.006760351118430269,0.8394989320300625,0.00044572779456571155
0.16999999999999998,-0.03,True,,0.7158923670720487,0.8461042294375136,42689.35960224314,12,-9.082336966349697,1.6599875940080615,-2.6285447597205995,5.162043388345546,0.00678346232871075,0.8423688770977814,0.000449763045703134
0.16999999999999998,-0.020000000000000004,True,,0.721194247543646,0.8492315629695154,42532.15411016633,12,-8.740706357253925,1.7265786756251607,-2.770694333233635,4.995818975414556,0.0068054803898253005,0.8451030751397508,0.00045816183861197983
0.16999999999999998,-0.009999999999999995,True,,0.7264173693527107,0.8523012198470156,42378.96986457461,12,-8.41857231705432,1.7918146157834316,-2.887424850993746,4.863328901996745,0.006826365936934788,0.8476966378388062,0.0004706494489398124
0.16999999999999998,0.009999999999999995,True,,0.7366066902787785,0.8582579392459929,42084.83960331217,12,-7.827769991319027,1.917931937397862,-3.0197634099075747,4.717368313460332,0.006864583723383028,0.8524425142505184,0.0005068147367382567
0.18,-0.06,True,,0.687882248075078,0.8293866698199809,43549.82907945296,12,-10.038109183309514,1.4870180201995946,-1.7870898142593747,6.265664624156645,0.0066524349611483255,0.826097927082258,0.0004973884769903217
0.18,-0.05,True,,0.6932068912373107,0.8325904703017629,43382.24973719156,12,-9.628935572025663,1.5587444208934147,-1.9638987004788124,6.015701197287985,0.00667670864402362,0.8291122277440524,0.00048669597615870757
0.18,-0.04,True,,0.6984686498508645,0.8357443687221976,43218.53555132128,12,-9.244321639497263,1.6293170742418357,-2.131703088140201,5.7876974140709985,0.0066999852468238325,0.8320027112189112,0.00048103135749497984
0.18,-0.03,True,,0.7036627587957569,0.8388460876679088,43058.73060915589,12,-8.88231921612194,1.6986571435435056,-2.286609415342937,5.584897218790754,0.006722226798417128,0.8347646622599393,0.00048012915944098297
0.18,-0.020000000000000004,True,,0.7087843942137145,0.8418933389769244,42902.8785942525,12,-8.54124057472982,1.76668719761199,-2.424032720266486,5.410941698278199,0.006743395470942071,0.8373933834115279,0.0004837260035076207
0.18,-0.009999999999999995,True,,0.7138286815926048,0.8448838272760373,42751.022738698935,12,-8.219614708157732,1.8333313090345893,-2.5387144998596534,5.269927937298503,0.006763453672319502,0.8398842064974607,0.0004915617163754306
0.18,0.0,True,,0.7187907043774895,0.8478152536829527,42603.20577452607,12,-7.916152468183309,1.8985151505073987,-2.6247885440723753,5.16650997414871,0.006782364141982882,0.8422325045086859,0.0005033804945071392
0.18,0.009999999999999995,True,,0.7236655130965478,0.850685319666766,42459.469884334896,12,-7.629718496934621,1.9621660891178074,-2.6759059886570586,5.1060554606751,0.006800090049524491,0.8444337038531808,0.0005189321082882686
0.19,-0.06,True,,0.6764464611375701,0.8224636533838867,43916.40598685268,12,-9.852730998336543,1.5190957221151515,-1.4753805510499698,6.731906438874428,0.006594506056032374,0.8189043282400423,0.0005549049692478976
0.19,-0.05,True,,0.6815948729608154,0.8255875925429206,43750.23079039196,12,-9.443987006457833,1.5922906331786617,-1.641350532852506,6.479493719887666,0.006617906194905777,0.8218101523976103,0.0005392281243942065
0.19,-0.04,True,,0.686681180210357,0.8286622835693422,43587.89874670864,12,-9.059763251229523,1.6643073383098537,-1.7999802596611545,6.2470948597158635,0.006640325979345825,0.8245942363547961,0.0005286869127354603
0.19,-0.03,True,,0.6917008252642959,0.8316855326770425,43429.45295101427,12,-8.698117177912405,1.7350653297349883,-1.9476589110521003,6.038238118237517,0.006661729092637312,0.8272520703098014,0.0005230292940063297
0.19,-0.020000000000000004,True,,0.6966491977306034,0.8346551370060592,43274.93609037075,12,-8.357365710827743,1.8044855352606823,-2.080103097712438,5.856873133022111,0.006682079382325718,0.8297791648586842,0.0005220055382384278
0.19,-0.009999999999999995,True,,0.7015216421654683,0.8375688880118867,43124.39039751468,12,-8.036041730353215,1.872490418640456,-2.192352041560138,5.707434319759996,0.006701340947965662,0.8321710618919429,0.0005253692845512883
0.19,0.0,True,,0.7063134662752,0.8404245750067045,42977.85760387684,12,-7.732859363863735,1.9390040779763964,-2.2788012830218003,5.594947275291925,0.006719478231765056,0.8344233458506869,0.0005328786390759366
0.19,0.009999999999999995,True,,0.7110199495897792,0.8432199888461962,42835.37889188381,12,-7.446686034392646,2.0039523420240517,-2.3332868942675153,5.525192799076711,0.006736456111834383,0.8365316553063122,0.0005442973067082897
0.2,-0.05,True,,0.6702310793087085,0.8186764191722566,44119.56527092417,12,-9.274672983563594,1.6236336422573432,-1.3261562483787923,6.9672356815691385,0.006559780570517087,0.8145921249988772,0.0006039164974873218
0.2,-0.04,True,,0.6751485871044146,0.8216742585139287,43958.5971413568,12,-8.890582913317902,1.697041821045485,-1.4755442058556834,6.731652765818768,0.006581373862472048,0.8172735752989635,0.0005886736213817698
0.2,-0.03,True,,0.6800004456470842,0.8246213953367231,43801.49231598324,12,-8.529059712686514,1.7691664910823994,-1.615801829341295,6.517723666348086,0.006601968705099183,0.8198310383786063,0.0005784353334493892
0.2,-0.020000000000000004,True,,0.6847822481762204,0.8275157087187048,43648.29251080103,12,-8.188421970756583,1.8399269983319453,-1.742935419213085,6.329692097350096,0.00662153054620352,0.8222602235537464,0.0005729648736865851
0.2,-0.009999999999999995,True,,0.6894895479979588,0.830355073446269,43499.03898524695,12,-7.8672039618086025,1.9092442554154654,-1.8522762837001499,6.1723209165513255,0.006640025099304987,0.8245568731367432,0.0005720289881147935
0.2,0.0,True,,0.694117866294354,0.8331373634007504,43353.77249677231,12,-7.564120990469978,1.977040842005965,-1.9384866712647255,6.051004270403839,0.006657418429447133,0.8267167730920828,0.0005753989629450694
0.2,0.009999999999999995,True,,0.6986627003646406,0.835860455078861,43212.533254763286,12,-7.278041482213496,2.04324110308308,-1.9956073358000606,5.97193941217035,0.006673677041327257,0.8287357639803585,0.0005828516881864909
0.20999999999999996,-0.05,True,,0.6591100220878904,0.8118559121469094,44490.21947246819,12,-9.120380520575695,1.6527328702896324,-1.0102010644402313,7.493004960551121,0.006502332260436598,0.8074582063436727,0.000680743106920505
0.20999999999999996,-0.04,True,,0.6638651137558673,0.8147791809784215,44330.59723993296,12,-8.736178733855498,1.7274789099270809,-1.1501094870823871,7.255463770633733,0.006523128377463328,0.8100406636344956,0.0006609665663803191
0.20999999999999996,-0.03,True,,0.6685555900066694,0.8176524873114919,44174.81542825266,12,-8.374555006405732,1.8009180062274674,-1.2825895853679135,7.03747990910466,0.006542944089092175,0.812501374396172,0.0006463152493161021
0.20999999999999996,-0.020000000000000004,True,,0.6731772383150157,0.8204737889262617,44022.914807194444,12,-8.033826740015833,1.8729679836609032,-1.4039344890148668,6.843569429942489,0.0065617463713543685,0.8148362377194404,0.0006365647161814888
0.20999999999999996,-0.009999999999999995,True,,0.6777258108957792,0.8232410405803268,43874.9356883071,12,-7.712527221256788,1.9435482625740854,-1.5097721388435397,6.6788072921368045,0.006579502477417585,0.8170411871097826,0.0006314941458377671
0.20999999999999996,0.0,True,,0.6821970321369627,0.8259521972468883,43730.91788100202,12,-7.40937092762315,2.012579961501264,-1.5950474909403365,6.548945518019922,0.006596180018797731,0.8191122005722862,0.0006308873090332878
0.20999999999999996,0.009999999999999995,True,,0.6865866064282616,0.8286052174758868,43590.90064803746,12,-7.1232255879602455,2.0799859972955814,-1.6540373274743858,6.4605931679775885,0.006611747048644223,0.8210453109539914,0.000634533568324788
0.21999999999999997,-0.04,True,,0.6528250877012726,0.8079759202484147,44703.86654633439,12,-8.596021129477002,1.7555800386657883,-0.8335730198016083,7.8040281015112924,0.006465588028211334,0.802895315574985,0.0007455374013358319
0.21999999999999997,-0.03,True,,0.6573603237239499,0.8107776043551955,44549.39001449417,12,-8.234081472975486,1.8302803494781366,-0.9579025546819729,7.583782534568167,0.0064846527460492,0.8052627680909809,0.0007266337592872341
0.21999999999999997,-0.020000000000000004,True,,0.6618279676277763,0.8135280988557041,44398.770936421475,12,-7.893065759538803,1.9035680315966144,-1.072943625038595,7.385531657534546,0.0065027233422589965,0.807506770799348,0.0007127627136166415
0.21999999999999997,-0.009999999999999995,True,,0.6662239611535186,0.8162254352527362,44252.04870055631,12,-7.571503988920593,1.9753610730545899,-1.1746128947904955,7.214642853447917,0.006519768538582182,0.8096234395727414,0.0007037152326292902
0.21999999999999997,0.0,True,,0.6705442221192144,0.818867646276988,44109.26219353783,12,-7.268107876761705,2.0455791896128654,-1.2581397067157172,7.077211196011003,0.0065357574200996214,0.8116089354032247,0.0006992869095384135
0.21999999999999997,0.009999999999999995,True,,0.6747846518550703,0.8214527690957468,43970.4497571994,12,-6.981742815445903,2.1141439266924094,-1.3180527637343056,6.980247956812199,0.006550659513920434,0.8134594741738335,0.0006992789020069689
0.22999999999999998,-0.04,True,,0.6420229248708123,0.8012633305417216,45078.37353172886,12,-8.469644972973574,1.7813097376141063,-0.5185050835961802,8.391229867011276,0.006408750423428618,0.7958372341708765,0.0008423549548106058
0.22999999999999998,-0.03,True,,0.6464088112174372,0.8039955293516483,44925.184771318534,12,-8.107180142015554,1.8572171421092811,-0.6342055031536015,8.170630601110183,0.006427091308269381,0.79811480126267,0.0008193529388475791
0.22999999999999998,-0.020000000000000004,True,,0.6507283456397074,0.8066773491549811,44775.82982746854,12,-7.765685729716466,1.9316898781667184,-0.7423294412705256,7.969722180518713,0.006444457102211171,0.8002712817786365,0.0008015140733024154
0.22999999999999998,-0.009999999999999995,True,,0.6549776504612753,0.8093068951030106,44630.34718966463,12,-7.443686206260556,2.004644562518785,-0.8390807398946,7.794137310686168,0.006460817927623685,0.8023029655211409,0.0007886405021160158
0.22999999999999998,0.0,True,,0.6591528276268454,0.811882274487407,44488.77484637965,12,-7.139888638863663,2.0759995675418237,-0.9199813519963544,7.6502916393558875,0.006476144273567202,0.8042061878281049,0.0007805390108005362
0.22999999999999998,0.009999999999999995,True,,0.6632499657618485,0.8144015998030999,44351.150243528005,12,-6.853154484991908,2.1456751249140673,-0.9798343371275484,7.5455811273395215,0.006490407070126898,0.8059773388038263,0.0007770219086393745
0.24,-0.03,True,,0.63569531902079,0.7973050351156639,45302.16933371934,12,-7.993448274455522,1.881695199370199,-0.3153137983627161,8.793155365135272,0.00637025561611507,0.7910569573683409,0.0009244327896522621
0.24,-0.020000000000000004,True,,0.639872394609,0.7999202426548537,45154.06134936582,12,-7.6512880969514585,1.9572995028971107,-0.41585854200278105,8.591920944253426,0.006386942530733042,0.7931291347974798,0.0009027721339993517
0.24,-0.009999999999999995,True,,0.6439806541761018,0.8024840522877086,45009.80126454544,12,-7.32867921769969,2.031363897956795,-0.5068780377024446,8.413725187017702,0.006402644555402871,0.795079008806996,0.0008862165610841794
0.24,0.0,True,,0.6480163749418415,0.8049946428031938,44869.42619351995,12,-7.024322197637586,2.1038054739017475,-0.5841868088410835,8.265277622443989,0.006417333516773097,0.796903080836231,0.0008745834489843314
0.24,0.009999999999999995,True,,0.6519758236628328,0.8074501988747249,44732.97271060649,12,-6.737072986121726,2.174543207301291,-0.64287487575643,8.154336682696162,0.006430981680283204,0.7985979068134897,0.0008676956478871422
0.24,0.020000000000000004,True,,0.6558552636246485,0.8098489140726488,44600.47680967401,12,-6.465919827844708,2.2434980648167184,-0.6772689263512488,8.090013268828367,0.006443561821578935,0.80016010602438,0.0008653823204787456
0.25,-0.03,True,,0.6252142182780779,0.7907048869698972,45680.314244487476,12,-7.865404444780419,1.909639847993458,-0.0026026301995906763,9.449653052847873,0.006314140789964581,0.7840886304576337,0.0010418317655787907
0.25,-0.020000000000000004,True,,0.629254251637021,0.7932554769032616,45533.43628012755,12,-7.54952382724451,1.9803661722224177,-0.09486601485936505,9.251017980663176,0.006330173815614766,0.7860796080969233,0.001016488895241746
0.25,-0.009999999999999995,True,,0.6332268730209565,0.7957555359662642,45390.381943843786,12,-7.2261366660685065,2.0554875818319736,-0.1792917648311607,9.072917253802256,0.006345241670797907,0.7879507310774657,0.0009963888997558859
0.25,0.0,True,,0.6371285265045833,0.7982033115094069,45251.18749900247,12,-6.921064726440449,2.1289646695720217,-0.2519814697415634,8.92232378790945,0.006359317456438314,0.7896986590778902,0.0009813591802474945
0.25,0.020000000000000004,True,,0.6447046732346505,0.802935036746218,44984.52061303325,12,-6.361395367593867,2.2706590211841116,-0.34290101745577406,8.737476582839333,0.006384387467483887,0.7928118475987295,0.000965848012148721
0.26,-0.020000000000000004,True,,0.6188681702564889,0.7866817464874146,45913.92627668487,12,-7.450640083646645,2.0030402969347487,0.22512199699066315,9.958371557984723,0.00627414451989126,0.7791219023360424,0.001142615505659196
0.26,-0.009999999999999995,True,,0.6227103342688365,0.7891199745722044,45772.06112545553,12,-7.1357561913943615,2.076987491707018,0.14818382892319926,9.783505859451997,0.006288601927514339,0.7809172200713017,0.0011191023803443375
0.26,0.0,True,,0.6264830816702764,0.7915068424658604,45634.03090604966,12,-6.829815373523949,2.151448337983141,0.08117415677949077,9.633709411371886,0.006302087834938327,0.7825918971230645,0.001100804767480446
0.26,0.020000000000000004,True,,0.6338067166961061,0.7961197879063842,45369.61429689293,12,-6.268605329620596,2.295046156264387,-0.004987654112763104,9.444464992199975,0.006326044628029128,0.7855668464803196,0.00107923104774873
0.27,-0.020000000000000004,True,,0.6087085215495627,0.7801977451579585,46295.50384578987,12,-7.283542890272487,2.0419473790649683,0.537281902107097,10.700506046875764,0.0062188476440578466,0.7722551483178681,0.0012811027140350033
0.27,-0.009999999999999995,True,,0.6124251924650762,0.7825759978845992,46154.8115570536,12,-7.057275812470457,2.0958389152990997,0.46876028011924153,10.53300170699879,0.006232717446023025,0.7739774973102885,0.0012543016867460994
0.27,0.0,True,,0.6160739770136014,0.7849038011206223,46017.92940723199,12,-6.7503127088453905,2.1712311207804675,0.408548320889319,10.387976503841376,0.006245635891858038,0.7755817071053116,0.0012328588277876163
0.27,0.009999999999999995,True,,0.619651625838803,0.7871795385036395,45884.89149514378,12,-6.460661883640996,2.2448565622452077,0.3606826213134439,10.274114198878575,0.006257578878857207,0.7770647846341869,0.0012166252497248307
0.27,0.020000000000000004,True,,0.6231548920259256,0.7894016037644752,45755.73135295208,12,-6.187289496728159,2.3166328790151085,0.3299764208332426,10.201728669804435,0.006268522790343774,0.7784237971831295,0.0012054580208806936
0.27999999999999997,-0.009999999999999995,True,,0.6023657297364304,0.7761222389137103,46538.60680759678,12,-6.902861527181146,2.133431063556247,0.7878762449723132,11.336102159230599,0.006177579870945089,0.7671305252252938,0.0014019317371499792
0.27999999999999997,0.0,True,,0.605895286230954,0.77839275833666,46402.85681565253,12,-6.682331738443717,2.1882911488202086,0.7355621011002521,11.200369149042448,0.006189952420900569,0.7686669457886869,0.0013774604416989591
0.27999999999999997,0.009999999999999995,True,,0.6093553608177105,0.7806121705544377,46270.92565797752,12,-6.391596913427591,2.262777465143985,0.6938895538176058,11.093410449938752,0.006201370326696279,0.7700848188478815,0.0013583469069486866
0.27999999999999997,0.020000000000000004,True,,0.6127428539728393,0.7827789304604713,46142.84609090001,12,-6.117222506307377,2.335396179119771,0.6673819644451486,11.025906948630006,0.006211811058161767,0.7713813466112095,0.0013444564713571592
0.29,-0.009999999999999995,True,,0.5925263557315041,0.769757335613961,46923.42123979592,12,-6.757871432931922,2.1693424716346144,1.1014949631856568,12.185002506992141,0.006123180424152502,0.7603752137502875,0.0015619380630857054
0.29,0.0,True,,0.5959412196854094,0.7719722920451286,46788.78773711912,12,-6.543497638331558,2.2235495343347944,1.0581953015009655,12.06412023045913,0.006135027822461686,0.7618464210964238,0.0015345495285336618
0.29,0.009999999999999995,True,,0.5992882251464077,0.7741370842082219,46657.94785994472,12,-6.333719804171237,2.2779054855206264,1.0240508035015623,11.969643257284483,0.0061459409144016194,0.7632016064807662,0.0015126642109598795
0.29,0.020000000000000004,True,,0.6025644127190234,0.7762502255838792,46530.93361005906,12,-6.058211414037267,2.3513166542341892,1.0033107784935726,11.912617694139353,0.006155898203037701,0.7644381004186501,0.001496155249150588
0.29,0.03,True,,0.6057668338702056,0.7783102426861704,46407.77639875027,12,-5.798220498823698,2.4227615112587184,1.001082619392251,11.90650746230932,0.006164878712298761,0.7655532981061183,0.0014849020913709383
0.3,0.0,True,delay_focused,0.5862061236356318,0.765640988737954,47175.69754327645,12,-6.408643746738814,2.258340917483222,1.3762704045121197,12.98085106234271,0.0060808521521441535,0.7551188981354356,0.0017040671885092406
0.3,0.009999999999999995,True,,0.5894443740408093,0.7677528079016118,47045.93371681373,12,-6.204485907271955,2.312050923437621,1.35096565951607,12.905436329318576,0.006091279909430971,0.7564138147680772,0.0016795129197569039
0.3,0.020000000000000004,True,,0.5926135322936259,0.769813959534137,46919.96977204094,12,-6.010093663495605,2.364378532393974,1.3375509815892102,12.865634954831298,0.0061007727114185655,0.757592628854942,0.001660484844980176
