SNR_dB,BER,SER,BitErrors,SymbolErrors,Bits,Symbols,BER_Lower95,BER_Upper95,SER_Lower95,SER_Upper95,SpreadingFactor,SamplesPerChip,DemodulationMode,EsN0_dB,EbN0_dB
-20,0.458964285714286,0.9175,12851,3670,28000,4000,0.453133557135654,0.46480627253453,0.908568060034564,0.925630804818536,7,1,single-phase,1.07209969647868,-7.37888070366389
-18,0.430464285714286,0.85025,12053,3401,28000,4000,0.424674613262953,0.436273035447097,0.838856198291857,0.860971711683707,7,1,single-phase,3.07209969647868,-5.37888070366389
-16,0.347321428571429,0.69375,9725,2775,28000,4000,0.34176592239142,0.352918822465007,0.679285495300652,0.707842720424589,7,1,single-phase,5.07209969647868,-3.37888070366389
-14,0.243214285714286,0.47525,6810,1901,28000,4000,0.238224569669092,0.248274451504642,0.459805272886011,0.490742219556829,7,1,single-phase,7.07209969647868,-1.37888070366389
-12,0.100928571428571,0.19925,2826,797,28000,4000,0.0974547690237661,0.104511859988098,0.18716269301255,0.211914412126205,7,1,single-phase,9.07209969647868,0.621119296336115
-10,0.02025,0.03925,567,157,28000,4000,0.0186647811810371,0.0219668393233811,0.033660854089479,0.0457232729019809,7,1,single-phase,11.0720996964787,2.62111929633611
-8,0.00110714285714286,0.002,31,8,28000,4000,0.000780118626658292,0.00157103947847215,0.00101378626859103,0.00394181924795165,7,1,single-phase,13.0720996964787,4.62111929633611
-6,0,0,0,0,28000,4000,0,0.000137176138007456,0,0.000959443289701483,7,1,single-phase,15.0720996964787,6.62111929633611
-4,0,0,0,0,28000,4000,0,0.000137176138007456,0,0.000959443289701483,7,1,single-phase,17.0720996964787,8.62111929633611
-20,0.458964285714286,0.9175,12851,3670,28000,4000,0.453133557135654,0.46480627253453,0.908568060034564,0.925630804818536,7,1,polyphase,1.07209969647868,-7.37888070366389
-18,0.430464285714286,0.85025,12053,3401,28000,4000,0.424674613262953,0.436273035447097,0.838856198291857,0.860971711683707,7,1,polyphase,3.07209969647868,-5.37888070366389
-16,0.347321428571429,0.69375,9725,2775,28000,4000,0.34176592239142,0.352918822465007,0.679285495300652,0.707842720424589,7,1,polyphase,5.07209969647868,-3.37888070366389
-14,0.243214285714286,0.47525,6810,1901,28000,4000,0.238224569669092,0.248274451504642,0.459805272886011,0.490742219556829,7,1,polyphase,7.07209969647868,-1.37888070366389
-12,0.100928571428571,0.19925,2826,797,28000,4000,0.0974547690237661,0.104511859988098,0.18716269301255,0.211914412126205,7,1,polyphase,9.07209969647868,0.621119296336115
-10,0.02025,0.03925,567,157,28000,4000,0.0186647811810371,0.0219668393233811,0.033660854089479,0.0457232729019809,7,1,polyphase,11.0720996964787,2.62111929633611
-8,0.00110714285714286,0.002,31,8,28000,4000,0.000780118626658292,0.00157103947847215,0.00101378626859103,0.00394181924795165,7,1,polyphase,13.0720996964787,4.62111929633611
-6,0,0,0,0,28000,4000,0,0.000137176138007456,0,0.000959443289701483,7,1,polyphase,15.0720996964787,6.62111929633611
-4,0,0,0,0,28000,4000,0,0.000137176138007456,0,0.000959443289701483,7,1,polyphase,17.0720996964787,8.62111929633611
-20,0.458535714285714,0.9105,12839,3642,28000,4000,0.452705459966902,0.464377344425686,0.901255164810368,0.918957132248787,7,2,single-phase,4.0823996531185,-4.36858074702407
-18,0.42475,0.83775,11893,3351,28000,4000,0.418970903483362,0.430549741525408,0.826001532119657,0.84885036393815,7,2,single-phase,6.0823996531185,-2.36858074702407
-16,0.358071428571429,0.704,10026,2816,28000,4000,0.352475635019604,0.363706160549856,0.689663165432797,0.717945381705005,7,2,single-phase,8.0823996531185,-0.368580747024073
-14,0.233714285714286,0.467,6544,1868,28000,4000,0.228794154400477,0.238707473119879,0.451577956857807,0.482485366399314,7,2,single-phase,10.0823996531185,1.63141925297593
-12,0.106821428571429,0.209,2991,836,28000,4000,0.103257219001027,0.110493507577781,0.19668189047816,0.221876505516446,7,2,single-phase,12.0823996531185,3.63141925297593
-10,0.0186071428571429,0.0355,521,142,28000,4000,0.0170890942598514,0.0202572626804488,0.0301967734748052,0.0416945493413275,7,2,single-phase,14.0823996531185,5.63141925297593
-8,0.000607142857142857,0.00175,17,7,28000,4000,0.000379121332325947,0.0009721739489425,0.000847965734433743,0.00360811950375379,7,2,single-phase,16.0823996531185,7.63141925297593
-6,0,0,0,0,28000,4000,0,0.000137176138007456,0,0.000959443289701483,7,2,single-phase,18.0823996531185,9.63141925297593
-4,0,0,0,0,28000,4000,0,0.000137176138007456,0,0.000959443289701483,7,2,single-phase,20.0823996531185,11.6314192529759
-20,0.460285714285714,0.91625,12888,3665,28000,4000,0.454453550758671,0.466128773517433,0.907260912565993,0.924440350895331,7,2,polyphase,4.0823996531185,-4.36858074702407
-18,0.420321428571429,0.83725,11769,3349,28000,4000,0.414551072615979,0.426113644524299,0.825487862268008,0.848364993233088,7,2,polyphase,6.0823996531185,-2.36858074702407
-16,0.340428571428571,0.68875,9532,2755,28000,4000,0.334900542619117,0.346000379022641,0.67422624314099,0.702911567017147,7,2,polyphase,8.0823996531185,-0.368580747024073
-14,0.212857142857143,0.4565,5960,1826,28000,4000,0.208102236076585,0.217690827934099,0.441112962087956,0.471970509478248,7,2,polyphase,10.0823996531185,1.63141925297593
-12,0.0970357142857143,0.2255,2717,902,28000,4000,0.09362365821653,0.100558324523837,0.212815939138866,0.238710795227181,7,2,polyphase,12.0823996531185,3.63141925297593
-10,0.0235357142857143,0.067,659,268,28000,4000,0.0218243283922235,0.0253778192404306,0.05965990227706,0.0751709756118215,7,2,polyphase,14.0823996531185,5.63141925297593
-8,0.009,0.03,252,120,28000,4000,0.00795919714701881,0.0101755098205045,0.025147812369686,0.0357540643226334,7,2,polyphase,16.0823996531185,7.63141925297593
-6,0.00203571428571429,0.0075,57,30,28000,4000,0.00157171770012107,0.00263632850646736,0.00525864729702145,0.0106864043433345,7,2,polyphase,18.0823996531185,9.63141925297593
-4,0.000821428571428571,0.002,23,8,28000,4000,0.000547447073662297,0.00123236084640415,0.00101378626859103,0.00394181924795165,7,2,polyphase,20.0823996531185,11.6314192529759
-20,0.459714285714286,0.90975,12872,3639,28000,4000,0.453882737637226,0.465556886268751,0.900472635786342,0.918241100437748,7,4,single-phase,7.09269960975831,-1.35828079038426
-18,0.423785714285714,0.83375,11866,3335,28000,4000,0.418008480399797,0.429583857734382,0.821893240782163,0.844966330821962,7,4,single-phase,9.09269960975831,0.64171920961574
-16,0.349785714285714,0.69775,9794,2791,28000,4000,0.344220698270976,0.355391941931628,0.683334317395341,0.711786222783582,7,4,single-phase,11.0926996097583,2.64171920961574
-14,0.238535714285714,0.47625,6679,1905,28000,4000,0.233579840765587,0.243563321127724,0.460802810834968,0.491742762721293,7,4,single-phase,13.0926996097583,4.64171920961574
-12,0.102,0.1995,2856,798,28000,4000,0.0985094915527923,0.105599700653062,0.187406633592926,0.212169991824185,7,4,single-phase,15.0926996097583,6.64171920961574
-10,0.0181785714285714,0.03675,509,147,28000,4000,0.0166785549145943,0.0198107767481099,0.0313496952710999,0.0430392289368085,7,4,single-phase,17.0926996097583,8.64171920961574
-8,0.0005,0.00125,14,5,28000,4000,0.000297874521187105,0.000839164440682343,0.000534039769675873,0.00292300491180136,7,4,single-phase,19.0926996097583,10.6417192096157
-6,0.000214285714285714,0.00025,6,1,28000,4000,9.82126478804916e-05,0.000467476128924961,4.41325019576764e-05,0.00141483106609896,7,4,single-phase,21.0926996097583,12.6417192096157
-4,0,0,0,0,28000,4000,0,0.000137176138007456,0,0.000959443289701483,7,4,single-phase,23.0926996097583,14.6417192096157
-20,0.4215,0.847,11802,3388,28000,4000,0.41572727139139,0.427294265262278,0.835511533943448,0.857822612413499,7,4,polyphase,7.09269960975831,-1.35828079038426
-18,0.340821428571429,0.69225,9543,2769,28000,4000,0.335291798741614,0.346394729404608,0.677767513548372,0.706363580506738,7,4,polyphase,9.09269960975831,0.64171920961574
-16,0.209035714285714,0.43675,5853,1747,28000,4000,0.204313037363859,0.213838217921594,0.421447540831734,0.452173828744413,7,4,polyphase,11.0926996097583,2.64171920961574
-14,0.0811785714285714,0.18775,2273,751,28000,4000,0.0780367928333947,0.0844352546359206,0.175949801310202,0.200149371024216,7,4,polyphase,13.0926996097583,4.64171920961574
-12,0.0199285714285714,0.056,558,224,28000,4000,0.018356261545686,0.0216325900005351,0.0492914655097255,0.0635605201315294,7,4,polyphase,15.0926996097583,6.64171920961574
-10,0.00507142857142857,0.01875,142,75,28000,4000,0.00430459928570833,0.00597404263718505,0.0149849775460571,0.0234384866202806,7,4,polyphase,17.0926996097583,8.64171920961574
-8,0.00103571428571429,0.00425,29,17,28000,4000,0.000721259521472238,0.0014870610373922,0.00265524760875539,0.00679604041298363,7,4,polyphase,19.0926996097583,10.6417192096157
-6,7.14285714285714e-05,0.0005,2,2,28000,4000,1.95885092009692e-05,0.000260425175072486,0.000137128744953468,0.00182135510145831,7,4,polyphase,21.0926996097583,12.6417192096157
-4,0,0,0,0,28000,4000,0,0.000137176138007456,0,0.000959443289701483,7,4,polyphase,23.0926996097583,14.6417192096157
-20,0.461142857142857,0.9095,12912,3638,28000,4000,0.455309784916475,0.466986589914822,0.900211833864696,0.918002382081038,7,8,single-phase,10.1029995663981,1.65201916625555
-18,0.42225,0.835,11823,3340,28000,4000,0.416475779108266,0.428045551781194,0.823176821160493,0.846180351835407,7,8,single-phase,12.1029995663981,3.65201916625555
-16,0.3545,0.70375,9926,2815,28000,4000,0.348917247308523,0.360122670947637,0.68940995091508,0.717699075944367,7,8,single-phase,14.1029995663981,5.65201916625555
-14,0.234642857142857,0.46325,6570,1853,28000,4000,0.229715772922373,0.239642742699441,0.447839668664124,0.478730850417669,7,8,single-phase,16.1029995663981,7.65201916625555
-12,0.101178571428571,0.2,2833,800,28000,4000,0.0977008600172803,0.104765700406515,0.187894537453414,0.212681128520407,7,8,single-phase,18.1029995663981,9.65201916625555
-10,0.0156785714285714,0.03325,439,133,28000,4000,0.0142884994207814,0.0172015181226128,0.0281263474819062,0.0392692928290301,7,8,single-phase,20.1029995663981,11.6520191662556
-8,0.000857142857142857,0.002,24,8,28000,4000,0.00057608942421206,0.00127513726898738,0.00101378626859103,0.00394181924795165,7,8,single-phase,22.1029995663981,13.6520191662556
-6,0,0,0,0,28000,4000,0,0.000137176138007456,0,0.000959443289701483,7,8,single-phase,24.1029995663981,15.6520191662556
-4,0,0,0,0,28000,4000,0,0.000137176138007456,0,0.000959443289701483,7,8,single-phase,26.1029995663981,17.6520191662556
-20,0.346392857142857,0.70475,9699,2819,28000,4000,0.340840977063218,0.351986879691752,0.690422839489852,0.718684268483015,7,8,polyphase,10.1029995663981,1.65201916625555
-18,0.217642857142857,0.44525,6094,1781,28000,4000,0.212848465470868,0.222514714139638,0.429908128247253,0.460696930792969,7,8,polyphase,12.1029995663981,3.65201916625555
-16,0.0808214285714286,0.17975,2263,719,28000,4000,0.0776861208968027,0.0840717388411825,0.168159586796595,0.191954936630458,7,8,polyphase,14.1029995663981,5.65201916625555
-14,0.0161071428571429,0.0475,451,190,28000,4000,0.0146976038045364,0.0176494390164538,0.0413313231703252,0.0545369730068547,7,8,polyphase,16.1029995663981,7.65201916625555
-12,0.00346428571428571,0.01175,97,47,28000,4000,0.00284087097635501,0.0042239261555534,0.00884792312057878,0.0155889732518147,7,8,polyphase,18.1029995663981,9.65201916625555
-10,0.000357142857142857,0.00175,10,7,28000,4000,0.000194010645874615,0.000657353223462836,0.000847965734433743,0.00360811950375379,7,8,polyphase,20.1029995663981,11.6520191662556
-8,7.14285714285714e-05,0.0005,2,2,28000,4000,1.95885092009692e-05,0.000260425175072486,0.000137128744953468,0.00182135510145831,7,8,polyphase,22.1029995663981,13.6520191662556
-6,0,0,0,0,28000,4000,0,0.000137176138007456,0,0.000959443289701483,7,8,polyphase,24.1029995663981,15.6520191662556
-4,0,0,0,0,28000,4000,0,0.000137176138007456,0,0.000959443289701483,7,8,polyphase,26.1029995663981,17.6520191662556
