WordLength,Case,Stage,Elements,MaxAbsError,RmsError,ReferenceRms,RelativeRms
8,sf5-l4-awgn,fftM,128,11.2288349126949,1.26593466147483,24.4121639589324,0.051856716332254
8,sf5-l4-awgn,product,128,250.349484369011,39.4027762286566,386.128887740966,0.10204565749841
8,sf5-l4-awgn,partition,32,207.571605132099,110.663129652787,785.353638196986,0.140908661105648
8,sf5-l4-awgn,fftN,32,25.445966113991,6.6017585677199,34.7080551999134,0.190208253666036
8,sf5-l4-awgn,magnitudeSquared,32,1757.97298057978,398.66108698263,3354.50003844629,0.118843667435842
8,sf5-l8-clean,fftM,512,2.96764535133204,0.286991239087473,16,0.0179369524429671
8,sf5-l8-clean,product,512,158.871358817675,46.901798457462,733.736671666511,0.0639218404484753
8,sf5-l8-clean,partition,64,312.303512896606,198.212210611944,2116.71189570422,0.0936415631311033
8,sf5-l8-clean,fftN,64,25.6283073008274,5.81128157453903,46.7731667272089,0.124243919776304
8,sf5-l8-clean,magnitudeSquared,64,2048.00000000001,400.794200727592,11587.3010182566,0.0345890902545911
8,sf7-l1-clean,fftM,384,1.28239278304273,0.176678551137431,11.3137084989848,0.0156163251999365
8,sf7-l1-clean,product,384,12.6491106406742,5.11534692408881,128,0.0399636478444439
8,sf7-l1-clean,partition,384,12.6491106406742,5.11534692408881,128,0.0399636478444439
8,sf7-l1-clean,fftN,384,6.32455532033677,2.25462487641145,11.3137084989848,0.199282567392802
8,sf7-l1-clean,magnitudeSquared,384,512.000000000007,45.2548339959395,1448.15468787005,0.0312500000000003
8,sf7-l2-clean,fftM,512,2.60348974740232,0.270746244198059,16,0.0169216402623787
8,sf7-l2-clean,product,512,51.3622690359832,18.1302269857004,362.007614694294,0.0500824464728756
8,sf7-l2-clean,partition,256,58.2475543376809,30.7695202343687,519.094741907937,0.0592753456166308
8,sf7-l2-clean,fftN,256,16.0599787219736,3.8419479553957,22.9409632550864,0.167471082738597
8,sf7-l2-clean,magnitudeSquared,256,119.129127319973,30.6883240282046,5792.7000417104,0.00529775817964558
8,sf7-l4-clean,fftM,512,5.54165020326729,0.401634682742659,22.6274169979695,0.0177499129829401
8,sf7-l4-clean,product,512,267.178180110325,61.4652918616658,1027.72121306502,0.0598073593113402
8,sf7-l4-clean,partition,128,276.426075483127,171.310778970532,2080.11043834889,0.0823565786759436
8,sf7-l4-clean,fftN,128,40.8155664482021,8.04740071096701,45.9643811429194,0.17507906145728
8,sf7-l4-clean,magnitudeSquared,128,8192,736.293079957217,23170.8599646106,0.0317766833463141
8,sf7-l8-clean,fftM,1024,180.022109798084,7.33026564126989,32,0.229070801289684
8,sf7-l8-clean,product,1024,15770.8923139769,651.937237914755,2909.39657739238,0.224079880680643
8,sf7-l8-clean,partition,128,15843.9339438596,1949.49615554396,8323.96419015868,0.234202852271856
8,sf7-l8-clean,fftN,128,130.219716154456,30.0993137764592,91.9676800814874,0.327281429191102
8,sf7-l8-clean,magnitudeSquared,128,65536,5994.23593595129,92683.496366683,0.0646742534640292
8,sf7-l8-awgn-p00,fftM,1024,180.378987780268,7.25632499066378,44.6007590890643,0.16269510068592
8,sf7-l8-awgn-p00,product,1024,16021.858954185,641.805550343266,3010.31916634155,0.213201828403882
8,sf7-l8-awgn-p00,partition,128,15278.8196355776,1958.16612150374,8608.4114359479,0.227471251353835
8,sf7-l8-awgn-p00,fftN,128,134.23140166179,29.6549270876583,95.1104078375405,0.311794763179991
8,sf7-l8-awgn-p00,magnitudeSquared,128,23205.8063220067,2948.32513983747,88955.5264540191,0.0331438108160874
8,sf7-l8-awgn-m10,fftM,1024,179.417630369542,7.33582335192874,104.818141067032,0.0699861996907334
8,sf7-l8-awgn-m10,product,1024,15241.9229373956,627.805057738466,4298.20935772054,0.146062000588871
8,sf7-l8-awgn-m10,partition,128,15062.2299921518,1942.23623674406,12177.3620122545,0.159495647315857
8,sf7-l8-awgn-m10,fftN,128,138.995679515976,30.0483344799027,134.542113372323,0.223337761885373
8,sf7-l8-awgn-m10,magnitudeSquared,128,33884.0235888261,7555.70499802586,85388.0097494173,0.0884867210302606
8,sf7-l8-cfo,fftM,1024,173.990913884517,7.30527224834385,32,0.228289757760745
8,sf7-l8-cfo,product,1024,14726.042286934,649.915188014099,2880.22896235191,0.225647056712949
8,sf7-l8-cfo,partition,128,13714.3442312634,1996.68878992673,8214.04723563983,0.243082214241881
8,sf7-l8-cfo,fftN,128,137.05007372501,29.8598709508328,90.7532578329303,0.329022579066005
8,sf7-l8-cfo,magnitudeSquared,128,60814.8166622508,6088.55871104022,52686.9439888502,0.115561052702709
8,sf7-l8-timing,fftM,1024,182.59644756574,7.38825852428406,31.7992587418095,0.232340589580159
8,sf7-l8-timing,product,1024,16107.4345848257,653.865694924298,2889.95908810544,0.226254308448688
8,sf7-l8-timing,partition,128,15594.0909555491,1946.26352293166,8131.91502170082,0.239336431546304
8,sf7-l8-timing,fftN,128,128.400371522658,30.4513272628878,89.8458164980844,0.338928716436531
8,sf7-l8-timing,magnitudeSquared,128,107091.471874621,10787.2726990756,65794.475402328,0.163954080234127
8,sf7-l8-combined,fftM,2048,180.281398276562,7.2571072257195,64.4623345360957,0.112579032049419
8,sf7-l8-combined,product,2048,15624.5531928065,637.885404110954,3437.64333297726,0.185558925788411
8,sf7-l8-combined,partition,256,15042.3705020672,1953.76214950386,9762.41066152762,0.200131116918015
8,sf7-l8-combined,fftN,256,136.234063125205,30.0690557820825,107.860418429594,0.278777481302931
8,sf7-l8-combined,magnitudeSquared,256,31659.1046119094,5002.57788856305,67290.15138229,0.0743433888288097
8,sf9-l2-clean,fftM,1024,44.8160678674111,1.80206933259447,32,0.0563146666435772
8,sf9-l2-clean,product,1024,2116.77577558882,161.583570767611,1448.13908682768,0.111580146021456
8,sf9-l2-clean,partition,512,2002.33450984066,263.216158554437,2062.32553178815,0.127630752030798
8,sf9-l2-clean,fftN,512,112.958425637537,17.9694162200732,45.5713865169237,0.394313572473814
8,sf9-l2-clean,magnitudeSquared,512,8190.26689501653,372.022604417767,46341.0296851242,0.00802793133742536
8,sf9-l2-combined,fftM,1024,45.2834693338234,1.8962643274561,42.0519313223043,0.0450933944727131
8,sf9-l2-combined,product,1024,2043.35869335135,154.505317309141,1631.97155409429,0.0946740259788955
8,sf9-l2-combined,partition,512,2039.72111009846,256.523311409192,2302.85852240884,0.111393430778745
8,sf9-l2-combined,fftN,512,106.939569528086,15.3545233320251,50.8864649158914,0.301740813739057
8,sf9-l2-combined,magnitudeSquared,512,48276.2324080417,3059.72294657226,24087.5344830293,0.127025161032067
8,sf10-l1-clean,fftM,1024,10.9874703069304,0.547649732368327,32,0.0171140541365102
8,sf10-l1-clean,product,1024,353.451552549965,43.5628450183833,1024,0.0425418408382649
8,sf10-l1-clean,partition,1024,353.451552549965,43.5628450183833,1024,0.0425418408382649
8,sf10-l1-clean,fftN,1024,50.5964425626943,18.7082869338697,32,0.584633966683427
8,sf10-l1-clean,magnitudeSquared,1024,32768,1024,32768,0.03125
8,sf12-l1-clean,fftM,4096,44.5114443960564,1.17276978157253,64,0.0183245278370707
8,sf12-l1-clean,product,4096,2827.61242039901,173.282615828157,4096,0.042305326129921
8,sf12-l1-clean,partition,4096,2827.61242039901,173.282615828157,4096,0.042305326129921
8,sf12-l1-clean,fftN,4096,143.108350559987,75.5049667240505,64,1.17976510506329
8,sf12-l1-clean,magnitudeSquared,4096,524288,8192,262144,0.03125
10,sf5-l4-awgn,fftM,128,2.72226193651393,0.316549943059747,24.4121639589324,0.0129668940284141
10,sf5-l4-awgn,product,128,52.4408189011726,9.68540851852631,386.128887740966,0.0250833564284467
10,sf5-l4-awgn,partition,32,46.5748761802835,27.9585396905835,785.353638196986,0.035599936551858
10,sf5-l4-awgn,fftN,32,6.16271995831306,1.60716222716503,34.7080551999134,0.0463051651240037
10,sf5-l4-awgn,magnitudeSquared,32,237.967624427159,83.0357015691587,3354.50003844629,0.0247535252995909
10,sf5-l8-clean,fftM,512,0.70381067486425,0.0640843503036634,16,0.00400527189397896
10,sf5-l8-clean,product,512,37.0437230518391,16.5546285107999,733.736671666511,0.0225620841237224
10,sf5-l8-clean,partition,64,173.959762396798,115.12076909973,2116.71189570422,0.0543866027934
10,sf5-l8-clean,fftN,64,11.6564771922914,2.65150586521807,46.7731667272089,0.056688611243327
10,sf5-l8-clean,magnitudeSquared,64,3584.00000000001,637.131348646227,11587.3010182566,0.0549853108711323
10,sf7-l1-clean,fftM,384,0.320598195760705,0.040894442776764,11.3137084989848,0.00361459222503688
10,sf7-l1-clean,product,384,3.16227766016905,1.32382828536698,128,0.0103424084794296
10,sf7-l1-clean,partition,384,3.16227766016905,1.32382828536698,128,0.0103424084794296
10,sf7-l1-clean,fftN,384,1.58113883008419,0.570544330734552,11.3137084989848,0.0504294706537427
10,sf7-l1-clean,magnitudeSquared,384,128.000000000007,6.53197264742218,1448.15468787005,0.00451054897804421
10,sf7-l2-clean,fftM,512,0.648230979985093,0.059084136100214,16,0.00369275850626338
10,sf7-l2-clean,product,512,13.4167285104671,4.56504588281986,362.007614694294,0.0126103587259481
10,sf7-l2-clean,partition,256,15.073936192441,8.09001098706634,519.094741907937,0.0155848447960221
10,sf7-l2-clean,fftN,256,4.0186479340723,1.02033637944215,22.9409632550864,0.0444766145212288
10,sf7-l2-clean,magnitudeSquared,256,119.129127319973,30.6883240282046,5792.7000417104,0.00529775817964558
10,sf7-l4-clean,fftM,512,1.37237030052958,0.0920899440250206,22.6274169979695,0.00406983899369885
10,sf7-l4-clean,product,512,60.6689997036746,17.0890978363479,1027.72121306502,0.0166281454728198
10,sf7-l4-clean,partition,128,95.3222307575332,57.0430491735276,2080.11043834889,0.0274230868332194
10,sf7-l4-clean,fftN,128,12.6870901490722,2.40011982313086,45.9643811429194,0.0522169506790062
10,sf7-l4-clean,magnitudeSquared,128,6144,556.196850064032,23170.8599646106,0.0240041522374882
10,sf7-l8-clean,fftM,1024,43.9818598362405,1.76701594305716,32,0.0552192482205364
10,sf7-l8-clean,product,1024,3867.06203624956,179.203493627262,2909.39657739238,0.0615947289619338
10,sf7-l8-clean,partition,128,3392.16617044369,711.442309366535,8323.96419015868,0.0854691698707286
10,sf7-l8-clean,fftN,128,67.9722846160193,9.17469560703868,91.9676800814874,0.0997599982831957
10,sf7-l8-clean,magnitudeSquared,128,24576,2227.44568798128,92683.496366683,0.0240328189515947
10,sf7-l8-awgn-p00,fftM,1024,45.8030739218982,1.84164086886907,44.6007590890643,0.0412916933810803
10,sf7-l8-awgn-p00,product,1024,4041.05430387419,179.489524445434,3010.31916634155,0.0596247489144376
10,sf7-l8-awgn-p00,partition,128,3687.10203178772,685.279261750946,8608.4114359479,0.0796057747529684
10,sf7-l8-awgn-p00,fftN,128,65.4956952754925,8.88375772015415,95.1104078375405,0.0934046853771107
10,sf7-l8-awgn-p00,magnitudeSquared,128,6821.80632200674,1441.42921935104,88955.5264540191,0.0162039310744354
10,sf7-l8-awgn-m10,fftM,1024,45.5051150354888,1.84252934590478,104.818141067032,0.0175783440456788
10,sf7-l8-awgn-m10,product,1024,4089.74872127609,178.515935811987,4298.20935772054,0.0415326292776625
10,sf7-l8-awgn-m10,partition,128,3787.56161361467,695.495291471845,12177.3620122545,0.057113789568869
10,sf7-l8-awgn-m10,fftN,128,69.608116677578,9.32843604991612,134.542113372323,0.069334692432705
10,sf7-l8-awgn-m10,magnitudeSquared,128,14580.0174296074,2476.06209232306,85388.0097494173,0.0289977726332936
10,sf7-l8-cfo,fftM,1024,44.0990868554574,1.81959963890101,32,0.0568624887156567
10,sf7-l8-cfo,product,1024,3774.73053815818,187.27256204532,2880.22896235191,0.0650200260094596
10,sf7-l8-cfo,partition,128,3536.98269358009,798.156180364604,8214.04723563983,0.0971696603960948
10,sf7-l8-cfo,fftN,128,85.4413531061532,10.2804570912739,90.7532578329303,0.113279207124437
10,sf7-l8-cfo,magnitudeSquared,128,6099.11060488567,1104.29184555533,52686.9439888502,0.0209594970205337
10,sf7-l8-timing,fftM,1024,45.9015296618893,1.83208594275943,31.7992587418095,0.0576141084807934
10,sf7-l8-timing,product,1024,4051.10981685485,189.371513290284,2889.95908810544,0.0655274028167745
10,sf7-l8-timing,partition,128,3802.62442046767,776.067458396412,8131.91502170082,0.0954347722923074
10,sf7-l8-timing,fftN,128,77.7654510774081,9.92314711735829,89.8458164980844,0.110446401447861
10,sf7-l8-timing,magnitudeSquared,128,23123.4718746206,2258.29796331914,65794.475402328,0.0343235195585925
10,sf7-l8-combined,fftM,2048,45.1307833211954,1.81513008657271,64.4623345360957,0.0281579948916732
10,sf7-l8-combined,product,2048,3956.98718697667,174.570629883213,3437.64333297726,0.050782065785755
10,sf7-l8-combined,partition,256,3874.56410658658,679.105264009912,9762.41066152762,0.0695632756657305
10,sf7-l8-combined,fftN,256,66.6884437486656,9.13353388168891,107.860418429594,0.0846791994196723
10,sf7-l8-combined,magnitudeSquared,256,9607.41575568552,1838.32960840267,67290.15138229,0.0273194452774927
10,sf9-l2-clean,fftM,1024,11.1163882007942,0.448444290294739,32,0.0140138840717106
10,sf9-l2-clean,product,1024,513.899466109634,39.0537678430963,1448.13908682768,0.0269682437262627
10,sf9-l2-clean,partition,512,486.133434489803,64.9053019206899,2062.32553178815,0.0314718995232597
10,sf9-l2-clean,fftN,512,28.7866203946762,4.08061114543709,45.5713865169237,0.0895432739120564
10,sf9-l2-clean,magnitudeSquared,512,16384,729.158609328074,46341.0296851242,0.0157346225209609
10,sf9-l2-combined,fftM,1024,11.5634464122777,0.472208076669615,42.0519313223043,0.0112291650305049
10,sf9-l2-combined,product,1024,534.34739851753,38.3615427524934,1631.97155409429,0.0235062569909702
10,sf9-l2-combined,partition,512,521.083970887534,63.480380644563,2302.85852240884,0.0275659056024688
10,sf9-l2-combined,fftN,512,28.4195934563487,3.85014110993255,50.8864649158914,0.0756613986901296
10,sf9-l2-combined,magnitudeSquared,512,9364.23240804172,1167.69170838192,24087.5344830293,0.04847701242336
10,sf10-l1-clean,fftM,1024,2.70524394122293,0.128656124974405,32,0.00402050390545017
10,sf10-l1-clean,product,1024,81.5843122174578,10.0838417798038,1024,0.00984750173808961
10,sf10-l1-clean,partition,1024,81.5843122174578,10.0838417798038,1024,0.00984750173808961
10,sf10-l1-clean,fftN,1024,8.94427190999945,4.77297077300917,32,0.149155336656537
10,sf10-l1-clean,magnitudeSquared,1024,2.63209145483466e-23,2.96197492028713e-24,32768,9.0392301034153e-29
10,sf12-l1-clean,fftM,4096,11.0446020044283,0.27446957767131,64,0.00428858715111421
10,sf12-l1-clean,product,4096,672.761473331189,42.7791678531527,4096,0.0104441327766486
10,sf12-l1-clean,partition,4096,672.761473331189,42.7791678531527,4096,0.0104441327766486
10,sf12-l1-clean,fftN,4096,35.7770876399967,18.7016042092649,64,0.292212565769764
10,sf12-l1-clean,magnitudeSquared,4096,1.90171865717864e-21,1.93335114208173e-22,262144,7.37514931519215e-28
12,sf5-l4-awgn,fftM,128,0.703976408311359,0.0794405738761323,24.4121639589324,0.00325413896161651
12,sf5-l4-awgn,product,128,15.1376042695729,2.49694054636824,386.128887740966,0.00646659865563675
12,sf5-l4-awgn,partition,32,12.6089625383943,7.12104467188553,785.353638196986,0.00906730971315549
12,sf5-l4-awgn,fftN,32,1.71079495962417,0.418190074847874,34.7080551999134,0.0120487901854241
12,sf5-l4-awgn,magnitudeSquared,32,109.97298057978,26.7268995994399,3354.50003844629,0.00796747631334626
12,sf5-l8-clean,fftM,512,0.17606958830678,0.0158846196121509,16,0.00099278872575943
12,sf5-l8-clean,product,512,9.65761920884717,4.21611394978214,733.736671666511,0.00574608590873102
12,sf5-l8-clean,partition,64,42.9535112771426,28.4408245000868,2116.71189570422,0.0134363228920319
12,sf5-l8-clean,fftN,64,3.10097983844985,0.670687468746914,46.7731667272089,0.014339150322203
12,sf5-l8-clean,magnitudeSquared,64,768.000000000015,136.880315008516,11587.3010182566,0.0118129592726427
12,sf7-l1-clean,fftM,384,0.0801495489401989,0.0100212133745528,11.3137084989848,0.000885758491607952
12,sf7-l1-clean,product,384,0.790569415042769,0.312325559318875,128,0.00244004343217871
12,sf7-l1-clean,partition,384,0.790569415042769,0.312325559318875,128,0.00244004343217871
12,sf7-l1-clean,fftN,384,0.395284707521077,0.14048024957564,11.3137084989848,0.0124168171372142
12,sf7-l1-clean,magnitudeSquared,384,32.0000000000073,2.82842712474662,1448.15468787005,0.0019531250000003
12,sf7-l2-clean,fftM,512,0.164223514798432,0.0149530856241481,16,0.000934567851509258
12,sf7-l2-clean,product,512,2.97941537534124,1.17114733733856,362.007614694294,0.00323514558755224
12,sf7-l2-clean,partition,256,3.70114338500493,2.07347088979548,519.094741907937,0.00399439778984164
12,sf7-l2-clean,fftN,256,1.00639880361274,0.24391262082911,22.9409632550864,0.0106321874158893
12,sf7-l2-clean,magnitudeSquared,256,128,14.5401804497932,5792.7000417104,0.00251008689300266
12,sf7-l4-clean,fftM,512,0.347421864248655,0.0223403236607858,22.6274169979695,0.000987312147152744
12,sf7-l4-clean,product,512,18.9481871774724,4.34202835601352,1027.72121306502,0.00422490876009468
12,sf7-l4-clean,partition,128,21.4036444938569,13.8911700702508,2080.11043834889,0.00667809257342944
12,sf7-l4-clean,fftN,128,3.06309882608839,0.564003518755555,45.9643811429194,0.0122704473492609
12,sf7-l4-clean,magnitudeSquared,128,512,60.6960867795794,23170.8599646106,0.00261950082440971
12,sf7-l8-clean,fftM,1024,11.1905573293376,0.451185526293843,32,0.0140995476966826
12,sf7-l8-clean,product,1024,980.669712852446,48.5549508576909,2909.39657739238,0.0166890107849132
12,sf7-l8-clean,partition,128,785.141829360415,240.453029678292,8323.96419015868,0.0288868409552479
12,sf7-l8-clean,fftN,128,24.1575862719322,2.93796977118135,91.9676800814874,0.03194567666139
12,sf7-l8-clean,magnitudeSquared,128,22528,1998.2836932481,92683.496366683,0.0215602968336705
12,sf7-l8-awgn-p00,fftM,1024,11.3323435749588,0.453024836419608,44.6007590890643,0.0101573346658731
12,sf7-l8-awgn-p00,product,1024,996.855872351886,46.248873263609,3010.31916634155,0.0153634451059937
12,sf7-l8-awgn-p00,partition,128,927.908471851564,214.067156762647,8608.4114359479,0.0248672078879412
12,sf7-l8-awgn-p00,fftN,128,23.4762463013327,2.72052644215529,95.1104078375405,0.0286038773674723
12,sf7-l8-awgn-p00,magnitudeSquared,128,2725.80632200674,502.761345697828,88955.5264540191,0.00565182811837671
12,sf7-l8-awgn-m10,fftM,1024,11.2428028148793,0.458131460618096,104.818141067032,0.00437072682223127
12,sf7-l8-awgn-m10,product,1024,969.61663522664,45.0864414150822,4298.20935772054,0.0104895870961001
12,sf7-l8-awgn-m10,partition,128,868.188223247696,209.150553482906,12177.3620122545,0.017175358117171
12,sf7-l8-awgn-m10,fftN,128,22.6725223193866,2.6189429412502,134.542113372323,0.0194655998453266
12,sf7-l8-awgn-m10,magnitudeSquared,128,4852.01742960736,787.258160478229,85388.0097494173,0.00921977409695512
12,sf7-l8-cfo,fftM,1024,11.0532482047366,0.456512057297167,32,0.0142660017905365
12,sf7-l8-cfo,product,1024,954.625065784435,52.7257761434352,2880.22896235191,0.0183061058105536
12,sf7-l8-cfo,partition,128,845.459238323143,292.733527479212,8214.04723563983,0.0356381597380003
12,sf7-l8-cfo,fftN,128,34.1569461486683,3.48037230644645,90.7532578329303,0.0383498332682838
12,sf7-l8-cfo,magnitudeSquared,128,1934.81666225084,342.991605739276,52686.9439888502,0.00650999241504425
12,sf7-l8-timing,fftM,1024,11.3846926652119,0.457015518392225,31.7992587418095,0.0143718921910385
12,sf7-l8-timing,product,1024,1006.90669700021,53.7409824223455,2889.95908810544,0.0185957588962189
12,sf7-l8-timing,partition,128,839.415554286389,289.552589048739,8131.91502170082,0.035606937391259
12,sf7-l8-timing,fftN,128,33.9195998138024,3.45050441171899,89.8458164980844,0.0384047309736737
12,sf7-l8-timing,magnitudeSquared,128,2643.47187462065,310.196776939284,65794.475402328,0.00471463257427702
12,sf7-l8-combined,fftM,2048,11.2586313632987,0.455022875820012,64.4623345360957,0.00705874025653264
12,sf7-l8-combined,product,2048,980.632422135836,45.5886579522581,3437.64333297726,0.0132616020734108
12,sf7-l8-combined,partition,256,922.458531030924,213.497081477704,9762.41066152762,0.0218692993851476
12,sf7-l8-combined,fftN,256,23.3207577266348,2.6930339275234,107.860418429594,0.0249677682205663
12,sf7-l8-combined,magnitudeSquared,256,2987.10461190937,544.259296214698,67290.15138229,0.00808824597707683
12,sf9-l2-clean,fftM,1024,2.82187762133315,0.113130765665471,32,0.00353533642704598
12,sf9-l2-clean,product,1024,121.956306393152,9.87672597003951,1448.13908682768,0.00682028823051498
12,sf9-l2-clean,partition,512,115.0204668745,16.586167616799,2062.32553178815,0.00804245855523006
12,sf9-l2-clean,fftN,512,7.03329276899535,1.03489175239226,45.5713865169237,0.0227092443634108
12,sf9-l2-clean,magnitudeSquared,512,473.008786051224,85.9318192362397,46341.0296851242,0.00185433556008844
12,sf9-l2-combined,fftM,1024,2.84590459359751,0.116501844565396,42.0519313223043,0.00277042791857704
12,sf9-l2-combined,product,1024,126.57532372582,9.77871885873473,1631.97155409429,0.00599196648630419
12,sf9-l2-combined,partition,512,121.655129954375,16.4732692823124,2302.85852240884,0.00715340048987505
12,sf9-l2-combined,fftN,512,7.04760331943649,0.96189279596394,50.8864649158914,0.0189027238884411
12,sf9-l2-combined,magnitudeSquared,512,2708.23240804172,421.262159429841,24087.5344830293,0.0174888035853831
12,sf10-l1-clean,fftM,1024,0.678874167428381,0.0308947470944892,32,0.000965460846702787
12,sf10-l1-clean,product,1024,22.0907220343473,2.62191111966544,1024,0.00256046007779828
12,sf10-l1-clean,partition,1024,22.0907220343473,2.62191111966544,1024,0.00256046007779828
12,sf10-l1-clean,fftN,1024,2.23606797750008,1.16592238163607,32,0.0364350744261271
12,sf10-l1-clean,magnitudeSquared,1024,2048,64,32768,0.001953125
12,sf12-l1-clean,fftM,4096,2.7662776025895,0.0665515996308755,64,0.00103986874423243
12,sf12-l1-clean,product,4096,184.173830930614,10.623108102621,4096,0.00259353225161644
12,sf12-l1-clean,partition,4096,184.173830930614,10.623108102621,4096,0.00259353225161644
12,sf12-l1-clean,fftN,4096,8.94427190999924,4.69374583887945,64,0.0733397787324914
12,sf12-l1-clean,magnitudeSquared,4096,32768,512,262144,0.001953125
14,sf5-l4-awgn,fftM,128,0.17500581173252,0.0203879959360538,24.4121639589324,0.000835157258912061
14,sf5-l4-awgn,product,128,3.96166615713278,0.695159948926987,386.128887740966,0.00180033136861113
14,sf5-l4-awgn,partition,32,3.66035733610801,1.99574454924285,785.353638196986,0.00254120494536026
14,sf5-l4-awgn,fftN,32,0.464674233986889,0.110985012389537,34.7080551999134,0.00319767304017119
14,sf5-l4-awgn,magnitudeSquared,32,21.9729805797797,6.71784815575543,3354.50003844629,0.00200263767439602
14,sf5-l8-clean,fftM,512,0.0448821783394879,0.00430072172688152,16,0.000268795107930095
14,sf5-l8-clean,product,512,2.23528758390319,1.03573571769569,733.736671666511,0.00141159050336581
14,sf5-l8-clean,partition,64,9.8345156240341,6.83584517292021,2116.71189570422,0.00322946414521186
14,sf5-l8-clean,fftN,64,0.753351804291616,0.158834707701282,46.7731667272089,0.00339585105767245
14,sf5-l8-clean,magnitudeSquared,64,160,25.956414601852,11587.3010182566,0.00224007424688078
14,sf7-l1-clean,fftM,384,0.0200373872350724,0.00251716442845023,11.3137084989848,0.00022248800458984
14,sf7-l1-clean,product,384,0.197642353761198,0.0790592158015655,128,0.000617650123449731
14,sf7-l1-clean,partition,384,0.197642353761198,0.0790592158015655,128,0.000617650123449731
14,sf7-l1-clean,fftN,384,0.0988211768802917,0.0357658377469313,11.3137084989848,0.00316128330070912
14,sf7-l1-clean,magnitudeSquared,384,8.00000000000728,0.707106781186976,1448.15468787005,0.000488281250000296
14,sf7-l2-clean,fftM,512,0.0413198453430666,0.00398106285929823,16,0.000248816428706139
14,sf7-l2-clean,product,512,0.84443968989371,0.31166545468659,362.007614694294,0.000860936184863911
14,sf7-l2-clean,partition,256,1.06622699248275,0.565530300320311,519.094741907937,0.00108945488109107
14,sf7-l2-clean,fftN,256,0.316603277268203,0.0639433552469854,22.9409632550864,0.0027873003646788
14,sf7-l2-clean,magnitudeSquared,256,32,4.83270497608764,5792.7000417104,0.000834275025685724
14,sf7-l4-clean,fftM,512,0.0867622918979446,0.00613059749020009,22.6274169979695,0.000270936691127857
14,sf7-l4-clean,product,512,3.66041656277668,1.08043638544872,1027.72121306502,0.00105129326096762
14,sf7-l4-clean,partition,128,5.10525227109829,3.50392301246829,2080.11043834889,0.00168448893283261
14,sf7-l4-clean,fftN,128,0.908256524844933,0.142347541269967,45.9643811429194,0.00309690977514433
14,sf7-l4-clean,magnitudeSquared,128,36.4464171993484,16.0857013538463,23170.8599646106,0.00069422116306492
14,sf7-l8-clean,fftM,1024,2.75834080816278,0.11239767294076,32,0.00351242727939875
14,sf7-l8-clean,product,1024,243.106205966084,11.9476573001822,2909.39657739238,0.00410657570474306
14,sf7-l8-clean,partition,128,199.174330725188,58.209931570565,8323.96419015868,0.00699305405943311
14,sf7-l8-clean,fftN,128,5.67818787748598,0.703880044016571,91.9676800814874,0.00765355876534999
14,sf7-l8-clean,magnitudeSquared,128,5632,501.978558749363,92683.496366683,0.00541605116798128
14,sf7-l8-awgn-p00,fftM,1024,2.80775197768574,0.113928931293821,44.6007590890643,0.00255441686690385
14,sf7-l8-awgn-p00,product,1024,251.802864717482,11.5886343943999,3010.31916634155,0.003849636451833
14,sf7-l8-awgn-p00,partition,128,240.659104551193,54.3539627663321,8608.4114359479,0.00631405261827462
14,sf7-l8-awgn-p00,fftN,128,5.77213816940401,0.676254654097549,95.1104078375405,0.00711020664796927
14,sf7-l8-awgn-p00,magnitudeSquared,128,549.806322006742,133.050095346072,88955.5264540191,0.0014956922931016
14,sf7-l8-awgn-m10,fftM,1024,2.89835545193033,0.11769617686105,104.818141067032,0.00112286075351959
14,sf7-l8-awgn-m10,product,1024,255.4535362497,11.741891797603,4298.20935772054,0.00273181011448684
14,sf7-l8-awgn-m10,partition,128,232.823394218694,53.5836560732637,12177.3620122545,0.00440026797424109
14,sf7-l8-awgn-m10,fftN,128,5.77296336218432,0.680705946809404,134.542113372323,0.00505942659697685
14,sf7-l8-awgn-m10,magnitudeSquared,128,1396.01742960736,222.196881145784,85388.0097494173,0.00260220236773115
14,sf7-l8-cfo,fftM,1024,2.75273934892812,0.112843784135396,32,0.00352636825423111
14,sf7-l8-cfo,product,1024,239.110761172728,12.9862732113931,2880.22896235191,0.00450876419240949
14,sf7-l8-cfo,partition,128,213.003873437439,71.7114696322726,8214.04723563983,0.00873034541621876
14,sf7-l8-cfo,fftN,128,8.23056569750191,0.841814862136054,90.7532578329303,0.00927586383384461
14,sf7-l8-cfo,magnitudeSquared,128,506.471506843402,115.110817358075,52686.9439888502,0.00218480725286392
14,sf7-l8-timing,fftM,1024,2.83427113636725,0.114471308723889,31.7992587418095,0.00359981060103716
14,sf7-l8-timing,product,1024,245.873307875034,13.3446717396742,2889.95908810544,0.00461759884234989
14,sf7-l8-timing,partition,128,203.038825900341,73.536766016439,8131.91502170082,0.00904298259637476
14,sf7-l8-timing,fftN,128,8.6060755594794,0.871160525602782,89.8458164980844,0.00969617239352881
14,sf7-l8-timing,magnitudeSquared,128,339.471874620649,71.7852244074959,65794.475402328,0.00109105246251353
14,sf7-l8-combined,fftM,2048,2.82483016547348,0.114273422125527,64.4623345360957,0.00177271615972175
14,sf7-l8-combined,product,2048,245.312943080921,11.5371932374053,3437.64333297726,0.00335613445604702
14,sf7-l8-combined,partition,256,232.232973019572,53.9360338178534,9762.41066152762,0.00552486836375448
14,sf7-l8-combined,fftN,256,5.85378114625038,0.672736951482202,107.860418429594,0.00623710682080591
14,sf7-l8-combined,magnitudeSquared,256,1067.10461190937,153.186270288853,67290.15138229,0.00227650357655711
14,sf9-l2-clean,fftM,1024,0.699166642242748,0.0280194533004525,32,0.000875607915639141
14,sf9-l2-clean,product,1024,30.9668473313486,2.44126046578364,1448.13908682768,0.00168579143259748
14,sf9-l2-clean,partition,512,29.9689953367169,4.23318717948143,2062.32553178815,0.00205262802318653
14,sf9-l2-clean,fftN,512,1.759597006894,0.256950892866463,45.5713865169237,0.00563842604988636
14,sf9-l2-clean,magnitudeSquared,512,512,34.5168028724761,46341.0296851242,0.000744843243816748
14,sf9-l2-combined,fftM,1024,0.714781394955076,0.0296086151940523,42.0519313223043,0.00070409644130537
14,sf9-l2-combined,product,1024,32.0533668912787,2.45813894203068,1631.97155409429,0.00150623884090608
14,sf9-l2-combined,partition,512,30.6199030925065,4.17684258338196,2302.85852240884,0.00181376430325077
14,sf9-l2-combined,fftN,512,1.72628723830399,0.244267747958871,50.8864649158914,0.00480024989675767
14,sf9-l2-combined,magnitudeSquared,512,788.232408041717,125.11405862874,24087.5344830293,0.00519414133965799
14,sf10-l1-clean,fftM,1024,0.172281732002529,0.00869974885734854,32,0.000271867151792142
14,sf10-l1-clean,product,1024,5.52268050856646,0.66316883204525,1024,0.00064762581254419
14,sf10-l1-clean,partition,1024,5.52268050856646,0.66316883204525,1024,0.00064762581254419
14,sf10-l1-clean,fftN,1024,0.559016994375241,0.284057171292146,32,0.00887678660287957
14,sf10-l1-clean,magnitudeSquared,1024,512,16,32768,0.00048828125
14,sf12-l1-clean,fftM,4096,0.696696503284055,0.0180121050429239,64,0.000281439141295687
14,sf12-l1-clean,product,4096,46.0434577319576,2.68782812233032,4096,0.0006562080376783
14,sf12-l1-clean,partition,4096,46.0434577319576,2.68782812233032,4096,0.0006562080376783
14,sf12-l1-clean,fftN,4096,2.23606797749987,1.15529944035071,64,0.0180515537554799
14,sf12-l1-clean,magnitudeSquared,4096,8192,128,262144,0.00048828125
16,sf5-l4-awgn,fftM,128,0.0446279433628012,0.00519114868977325,24.4121639589324,0.000212645986587101
16,sf5-l4-awgn,product,128,0.962182008149625,0.176147934666511,386.128887740966,0.000456189475221755
16,sf5-l4-awgn,partition,32,1.23872764166478,0.569201724423916,785.353638196986,0.000724771232652196
16,sf5-l4-awgn,fftN,32,0.131480111512854,0.031167441745212,34.7080551999134,0.000897988710853776
16,sf5-l4-awgn,magnitudeSquared,32,7.97298057977969,2.03921685097635,3354.50003844629,0.000607904852468228
16,sf5-l8-clean,fftM,512,0.0100835889219901,0.000992218126208121,16,6.20136328880075e-05
16,sf5-l8-clean,product,512,0.593824276013231,0.260199156940333,733.736671666511,0.000354621987680338
16,sf5-l8-clean,partition,64,2.5822011150551,1.70673900868745,2116.71189570422,0.000806316160527658
16,sf5-l8-clean,fftN,64,0.201448155291789,0.0401264282351877,46.7731667272089,0.000857894195388001
16,sf5-l8-clean,magnitudeSquared,64,24,3.80110080457487,11587.3010182566,0.000328040222532061
16,sf7-l1-clean,fftM,384,0.00500934680879076,0.000666931137055678,11.3137084989848,5.89489411995656e-05
16,sf7-l1-clean,product,384,0.049410588440805,0.019638421530395,128,0.000153425168206211
16,sf7-l1-clean,partition,384,0.049410588440805,0.019638421530395,128,0.000153425168206211
16,sf7-l1-clean,fftN,384,0.0247052942200953,0.00888797066502602,11.3137084989848,0.000785593041028376
16,sf7-l1-clean,magnitudeSquared,384,2.00000000000728,0.176776695297066,1448.15468787005,0.000122070312500296
16,sf7-l2-clean,fftM,512,0.0100612789839082,0.000991857183774337,16,6.19910739858961e-05
16,sf7-l2-clean,product,512,0.192039431680806,0.0746941193653288,362.007614694294,0.000206333006084433
16,sf7-l2-clean,partition,256,0.25530212482985,0.136548566617883,519.094741907937,0.000263051338405005
16,sf7-l2-clean,fftN,256,0.0636978831395802,0.0157013824851107,22.9409632550864,0.000684425597588165
16,sf7-l2-clean,magnitudeSquared,256,8,1.21663938269958,5792.7000417104,0.000210029757097581
16,sf7-l4-clean,fftM,512,0.0211283507931049,0.0014293221753486,22.6274169979695,6.31677126680815e-05
16,sf7-l4-clean,product,512,1.05132841196426,0.277212462693903,1027.72121306502,0.000269735079095196
16,sf7-l4-clean,partition,128,1.479256307381,0.906809271714865,2080.11043834889,0.000435942849474211
16,sf7-l4-clean,fftN,128,0.220148615495637,0.0367113132673579,45.9643811429194,0.000798690471937598
16,sf7-l4-clean,magnitudeSquared,128,32,5.12386650798144,23170.8599646106,0.000221134067350424
16,sf7-l8-clean,fftM,1024,0.704670355215187,0.0281792669461863,32,0.000880602092068322
16,sf7-l8-clean,product,1024,60.7110307963064,2.91340081668373,2909.39657739238,0.00100137631264244
16,sf7-l8-clean,partition,128,52.4869384099345,14.1652271196751,8323.96419015868,0.00170174051642635
16,sf7-l8-clean,fftN,128,1.39913932884279,0.175274383455519,91.9676800814874,0.00190582586513238
16,sf7-l8-clean,magnitudeSquared,128,1280,114.55377112758,92683.496366683,0.00123596730397796
16,sf7-l8-awgn-p00,fftM,1024,0.701633972343795,0.0286476836209567,44.6007590890643,0.000642313812725686
16,sf7-l8-awgn-p00,product,1024,61.4371861286092,2.93547985424504,3010.31916634155,0.000975139077300078
16,sf7-l8-awgn-p00,partition,128,53.2099099603048,13.5094408019604,8608.4114359479,0.00156933028846022
16,sf7-l8-awgn-p00,fftN,128,1.46639573179697,0.17023869469171,95.1104078375405,0.00178990605299997
16,sf7-l8-awgn-p00,magnitudeSquared,128,101.806322006742,36.5560412368094,88955.5264540191,0.000410947387914175
16,sf7-l8-awgn-m10,fftM,1024,0.721665958572563,0.02930544094819,104.818141067032,0.000279583673683442
16,sf7-l8-awgn-m10,product,1024,61.2187447624502,2.93220927011436,4298.20935772054,0.00068219321723998
16,sf7-l8-awgn-m10,partition,128,57.6869354616299,13.7209494764135,12177.3620122545,0.00112675877276257
16,sf7-l8-awgn-m10,fftN,128,1.48502018836826,0.169912824012991,134.542113372323,0.00126289694545518
16,sf7-l8-awgn-m10,magnitudeSquared,128,372.017429607364,53.3471979441185,85388.0097494173,0.000624762166265183
16,sf7-l8-cfo,fftM,1024,0.708700053461898,0.0284931498370002,32,0.000890410932406256
16,sf7-l8-cfo,product,1024,62.7060599232705,3.20695974720235,2880.22896235191,0.00111343917067747
16,sf7-l8-cfo,partition,128,56.6868685689531,17.1082981223107,8214.04723563983,0.0020828098051445
16,sf7-l8-cfo,fftN,128,1.97096941038877,0.205605164981422,90.7532578329303,0.00226554032208876
16,sf7-l8-cfo,magnitudeSquared,128,122.471506843402,30.3149778246427,52686.9439888502,0.000575379316573344
16,sf7-l8-timing,fftM,1024,0.710885941803505,0.0285680163182771,31.7992587418095,0.000898386234416087
16,sf7-l8-timing,product,1024,61.4833319159944,3.28574121009559,2889.95908810544,0.00113695076986353
16,sf7-l8-timing,partition,128,55.5308910775872,18.0745064524803,8131.91502170082,0.00222266297720115
16,sf7-l8-timing,fftN,128,2.10870329997656,0.216484847736813,89.8458164980844,0.00240951505784833
16,sf7-l8-timing,magnitudeSquared,128,179.471874620649,24.6070942035512,65794.475402328,0.000373999398172578
16,sf7-l8-combined,fftM,2048,0.708481310430841,0.0284001263038188,64.4623345360957,0.000440569310872788
16,sf7-l8-combined,product,2048,62.1954114908281,2.90501315253457,3437.64333297726,0.00084505949895
16,sf7-l8-combined,partition,256,60.5292754079184,13.5971024441013,9762.41066152762,0.00139280172854085
16,sf7-l8-combined,fftN,256,1.46545553089996,0.171515557849648,107.860418429594,0.00159016217762594
16,sf7-l8-combined,magnitudeSquared,256,139.104611909366,36.6851504160374,67290.15138229,0.000545178598389845
16,sf9-l2-clean,fftM,1024,0.177443209360428,0.00701101343947396,32,0.000219094169983561
16,sf9-l2-clean,product,1024,7.91799723083581,0.643733231028622,1448.13908682768,0.000444524449953766
16,sf9-l2-clean,partition,512,7.46942743254487,1.11641307186717,2062.32553178815,0.000541336978405719
16,sf9-l2-clean,fftN,512,0.500015796021322,0.0646720608135605,45.5713865169237,0.0014191374403222
16,sf9-l2-clean,magnitudeSquared,512,34.0371099601301,9.86857332830967,46341.0296851242,0.000212955417593527
16,sf9-l2-combined,fftM,1024,0.175990258857565,0.00729699372075969,42.0519313223043,0.000173523390990829
16,sf9-l2-combined,product,1024,7.97085743444654,0.63713682186326,1631.97155409429,0.000390409269245419
16,sf9-l2-combined,partition,512,7.53366067688698,1.1084892786005,2302.85852240884,0.000481353616739334
16,sf9-l2-combined,fftN,512,0.476287241462936,0.0611901497678031,50.8864649158914,0.0012024838013201
16,sf9-l2-combined,magnitudeSquared,512,104.540154342347,32.1199310604222,24087.5344830293,0.00133346694669195
16,sf10-l1-clean,fftM,1024,0.0428719430621225,0.00197690317148072,32,6.17782241087726e-05
16,sf10-l1-clean,product,1024,1.38067012712123,0.167230353614397,1024,0.000163310892201559
16,sf10-l1-clean,partition,1024,1.38067012712123,0.167230353614397,1024,0.000163310892201559
16,sf10-l1-clean,fftN,1024,0.12499999999999,0.0733397787324694,32,0.00229186808538967
16,sf10-l1-clean,magnitudeSquared,1024,128,4,32768,0.0001220703125
16,sf12-l1-clean,fftM,4096,0.173777090628918,0.00417491909133433,64,6.52331108020989e-05
16,sf12-l1-clean,product,4096,10.5118980198868,0.666703392776244,4096,0.000162769383002013
16,sf12-l1-clean,partition,4096,10.5118980198868,0.666703392776244,4096,0.000162769383002013
16,sf12-l1-clean,fftN,4096,0.559016994375028,0.291872950675102,64,0.00456051485429847
16,sf12-l1-clean,magnitudeSquared,4096,1.90171865717864e-21,1.93335114208173e-22,262144,7.37514931519215e-28
18,sf5-l4-awgn,fftM,128,0.0113083019765893,0.00127695379412655,24.4121639589324,5.23080951067968e-05
18,sf5-l4-awgn,product,128,0.249709341621228,0.0440899325157383,386.128887740966,0.000114184496201994
18,sf5-l4-awgn,partition,32,0.316008879723494,0.143163722358726,785.353638196986,0.000182292047041892
18,sf5-l4-awgn,fftN,32,0.0338314626316384,0.00786656039040299,34.7080551999134,0.000226649414526188
18,sf5-l4-awgn,magnitudeSquared,32,1.47298057977969,0.469414433955552,3354.50003844629,0.000139935736644967
18,sf5-l8-clean,fftM,512,0.00257635281573652,0.000261316627894749,16,1.63322892434218e-05
18,sf5-l8-clean,product,512,0.152003436202983,0.0682235750440638,733.736671666511,9.29810075992385e-05
18,sf5-l8-clean,partition,64,0.644402159434855,0.447469877211794,2116.71189570422,0.000211398574420976
18,sf5-l8-clean,fftN,64,0.0554193955073928,0.0108975781913056,46.7731667272089,0.000232987820877354
18,sf5-l8-clean,magnitudeSquared,64,2,0.366757135043283,11587.3010182566,3.16516447156617e-05
18,sf7-l1-clean,fftM,384,0.00125233670222035,0.000157377667351191,11.3137084989848,1.39103519739184e-05
18,sf7-l1-clean,product,384,0.0123526471107068,0.0050167229529313,128,3.91931480697758e-05
18,sf7-l1-clean,partition,384,0.0123526471107068,0.0050167229529313,128,3.91931480697758e-05
18,sf7-l1-clean,fftN,384,0.00617632355501749,0.00221751734919456,11.3137084989848,0.000196002694376787
18,sf7-l1-clean,magnitudeSquared,384,0.5,0.0255155181539914,1448.15468787005,1.76193319454842e-05
18,sf7-l2-clean,fftM,512,0.00259297408699694,0.000248038963779748,16,1.55024352362343e-05
18,sf7-l2-clean,product,512,0.058702083743148,0.0188168954785502,362.007614694294,5.19792808624774e-05
18,sf7-l2-clean,partition,256,0.0645085447338857,0.0348328217073896,519.094741907937,6.71030139495564e-05
18,sf7-l2-clean,fftN,256,0.0195397529387789,0.00391620175066776,22.9409632550864,0.000170707816717306
18,sf7-l2-clean,magnitudeSquared,256,2,0.31983511164464,5792.7000417104,5.52134771939966e-05
18,sf7-l4-clean,fftM,512,0.00531402945177291,0.000359662109288205,22.6274169979695,1.58949697758467e-05
18,sf7-l4-clean,product,512,0.217830404783566,0.0740649405370389,1027.72121306502,7.20671516705897e-05
18,sf7-l4-clean,partition,128,0.417639815508275,0.252412997990064,2080.11043834889,0.000121345959972404
18,sf7-l4-clean,fftN,128,0.0625143311137696,0.00934878106923879,45.9643811429194,0.000203391862063152
18,sf7-l4-clean,magnitudeSquared,128,8,1.19349338075239,23170.8599646106,5.15083765805518e-05
18,sf7-l8-clean,fftM,1024,0.178202659114139,0.00713745466926277,32,0.000223045458414461
18,sf7-l8-clean,product,1024,15.6111769685289,0.754113177252805,2909.39657739238,0.000259199169722231
18,sf7-l8-clean,partition,128,13.571696008,3.62614318840251,8323.96419015868,0.000435626956767744
18,sf7-l8-clean,fftN,128,0.381678812953318,0.0455595733813242,91.9676800814874,0.000495386785237557
18,sf7-l8-clean,magnitudeSquared,128,224,20.3241427099337,92683.496366683,0.000219285455411883
18,sf7-l8-awgn-p00,fftM,1024,0.177210392516708,0.00708531116443566,44.6007590890643,0.000158860775223284
18,sf7-l8-awgn-p00,product,1024,15.2286435153915,0.743775804109093,3010.31916634155,0.000247075397328386
18,sf7-l8-awgn-p00,partition,128,13.6759562437698,3.50816130746808,8608.4114359479,0.000407527141746308
18,sf7-l8-awgn-p00,fftN,128,0.386395307730463,0.0437074331914283,95.1104078375405,0.000459544167511989
18,sf7-l8-awgn-p00,magnitudeSquared,128,15.3602567475548,8.70136089625185,88955.5264540191,9.78169793728281e-05
18,sf7-l8-awgn-m10,fftM,1024,0.174037322454862,0.00711161039514828,104.818141067032,6.78471333564328e-05
18,sf7-l8-awgn-m10,product,1024,15.545425119676,0.735575482098531,4298.20935772054,0.00017113533122282
18,sf7-l8-awgn-m10,partition,128,15.7936733015854,3.52985475591476,12177.3620122545,0.000289870232351024
18,sf7-l8-awgn-m10,fftN,128,0.375847627737009,0.0436594750554691,134.542113372323,0.000324504156811101
18,sf7-l8-awgn-m10,magnitudeSquared,128,108.017429607364,14.6217696344936,85388.0097494173,0.000171239143263827
18,sf7-l8-cfo,fftM,1024,0.178804615097787,0.00717742621773273,32,0.000224294569304148
18,sf7-l8-cfo,product,1024,15.6783227649649,0.767925505554437,2880.22896235191,0.000266619604063481
18,sf7-l8-cfo,partition,128,14.586921007563,3.78159893276254,8214.04723563983,0.000460381931620092
18,sf7-l8-cfo,fftN,128,0.42353282510448,0.0465474430425708,90.7532578329303,0.000512901069934713
18,sf7-l8-cfo,magnitudeSquared,128,50.4715068434016,8.91149381797146,52686.9439888502,0.000169140457640841
18,sf7-l8-timing,fftM,1024,0.179631251888317,0.00720543778934709,31.7992587418095,0.000226591375850954
18,sf7-l8-timing,product,1024,15.3522608364679,0.792019999598223,2889.95908810544,0.000274059242865422
18,sf7-l8-timing,partition,128,14.4442103096793,4.15603249789488,8131.91502170082,0.000511076725076946
18,sf7-l8-timing,fftN,128,0.483010256628752,0.0506288123873346,89.8458164980844,0.000563507733144303
18,sf7-l8-timing,magnitudeSquared,128,27.471874620649,7.63174833649444,65794.475402328,0.000115993756160026
18,sf7-l8-combined,fftM,2048,0.176213874524185,0.00705057892148541,64.4623345360957,0.000109375171908139
18,sf7-l8-combined,product,2048,15.7137490695298,0.734551308759673,3437.64333297726,0.000213678743723391
18,sf7-l8-combined,partition,256,13.8346886542271,3.48618489067818,9762.41066152762,0.000357102872594448
18,sf7-l8-combined,fftN,256,0.386734454023127,0.0432102703447598,107.860418429594,0.000400612856633458
18,sf7-l8-combined,magnitudeSquared,256,31.4827498059021,9.13670240294518,67290.15138229,0.000135780678379479
18,sf9-l2-clean,fftM,1024,0.0433731101562113,0.00175546490196653,32,5.4858278186454e-05
18,sf9-l2-clean,product,1024,1.90629731496358,0.166129755228592,1448.13908682768,0.00011471947462762
18,sf9-l2-clean,partition,512,1.79468307495419,0.29497502231933,2062.32553178815,0.000143030291664755
18,sf9-l2-clean,fftN,512,0.14068115330716,0.0167114045696149,45.5713865169237,0.000366708275672254
18,sf9-l2-clean,magnitudeSquared,512,32,3.86032995281711,46341.0296851242,8.33026365414645e-05
18,sf9-l2-combined,fftM,1024,0.0436283367509948,0.00181755750605312,42.0519313223043,4.32217367645392e-05
18,sf9-l2-combined,product,1024,1.95954130092609,0.163458144486557,1631.97155409429,0.000100159922565117
18,sf9-l2-combined,partition,512,2.03176976239022,0.291828413334261,2302.85852240884,0.000126724421189801
18,sf9-l2-combined,fftN,512,0.133447553279463,0.0155931941387344,50.8864649158914,0.000306431074835084
18,sf9-l2-combined,magnitudeSquared,512,52.2324080417166,8.76087146514853,24087.5344830293,0.00036370976329358
18,sf10-l1-clean,fftM,1024,0.0112099201129209,0.00052205953343292,32,1.63143604197788e-05
18,sf10-l1-clean,product,1024,0.380172658116725,0.0423538627321462,1024,4.13611940743615e-05
18,sf10-l1-clean,partition,1024,0.380172658116725,0.0423538627321462,1024,4.13611940743615e-05
18,sf10-l1-clean,fftN,1024,0.0494105884403351,0.0187082461529763,32,0.000584632692280509
18,sf10-l1-clean,magnitudeSquared,1024,32,1,32768,3.0517578125e-05
18,sf12-l1-clean,fftM,4096,0.0444282725532935,0.0011253249536657,64,1.75832024010266e-05
18,sf12-l1-clean,product,4096,2.87771610737762,0.172465608842936,4096,4.21058615339199e-05
18,sf12-l1-clean,partition,4096,2.87771610737762,0.172465608842936,4096,4.21058615339199e-05
18,sf12-l1-clean,fftN,4096,0.139754248593817,0.0731053409068774,64,0.00114227095166996
18,sf12-l1-clean,magnitudeSquared,4096,512,8,262144,3.0517578125e-05
