Case,Stage,Elements,MaxAbsError,RmsError,ReferenceRms,RelativeRms
sf7-l1-clean,fftM,384,1.00485917355762e-14,3.07062624955613e-15,11.3137084989848,2.71407580443819e-16
sf7-l1-clean,product,384,1.14791692037411e-13,3.57871599241893e-14,128,2.79587186907729e-16
sf7-l1-clean,partition,384,1.14791692037411e-13,3.57871599241893e-14,128,2.79587186907729e-16
sf7-l1-clean,fftN,384,4.49961536787386e-14,5.52797545938065e-15,11.3137084989848,4.8860861669511e-16
sf7-l1-clean,magnitudeSquared,384,7.27595761418343e-12,5.25097010895138e-13,1448.15468787005,3.62597321469471e-16
sf7-l2-clean,fftM,512,1.67581169067017e-14,5.01557114431499e-15,16,3.13473196519687e-16
sf7-l2-clean,product,512,3.59509347182254e-13,9.57765344682956e-14,362.007614694294,2.64570496808959e-16
sf7-l2-clean,partition,256,3.59509347182254e-13,1.38741382942582e-13,519.094741907937,2.67275646893739e-16
sf7-l2-clean,fftN,256,7.14983627858601e-14,8.85607227447222e-15,22.9409632550864,3.86037507492571e-16
sf7-l2-clean,magnitudeSquared,256,3.26849658449646e-13,3.5477401548695e-14,5792.7000417104,6.12450175103831e-18
sf7-l4-clean,fftM,512,3.5527136788005e-14,8.75282952611105e-15,22.6274169979695,3.86824069530185e-16
sf7-l4-clean,product,512,1.63961489100256e-12,3.19337712548963e-13,1027.72121306502,3.10724064551114e-16
sf7-l4-clean,partition,128,1.63961489100256e-12,6.52462457804416e-13,2080.11043834889,3.13667219670469e-16
sf7-l4-clean,fftN,128,2.27857406710866e-13,2.71200643540536e-14,45.9643811429194,5.90023485135758e-16
sf7-l4-clean,magnitudeSquared,128,1.53477230924182e-12,2.32685276506406e-13,23170.8599646106,1.00421510838092e-17
sf7-l8-clean,fftM,1024,5.123796534383e-14,1.20109387388289e-14,32,3.75341835588402e-16
sf7-l8-clean,product,1024,5.00222085975111e-12,7.91677665005643e-13,2909.39657739238,2.72110605737773e-16
sf7-l8-clean,partition,128,5.00222085975111e-12,2.27006017705766e-12,8323.96419015868,2.72713832640165e-16
sf7-l8-clean,fftN,128,2.26720148304361e-13,3.44079778429875e-14,91.9676800814874,3.74131192746197e-16
sf7-l8-clean,magnitudeSquared,128,3.18323145620525e-12,6.37329921184566e-13,92683.496366683,6.8764121571666e-18
sf7-l8-awgn-p00,fftM,1024,6.35528743231302e-14,1.65581899236003e-14,44.6007590890643,3.71253545046954e-16
sf7-l8-awgn-p00,product,1024,6.55845956401024e-12,8.10708917477583e-13,3010.31916634155,2.69309954420162e-16
sf7-l8-awgn-p00,partition,128,6.55845956401024e-12,2.32755522182782e-12,8608.4114359479,2.70381502922615e-16
sf7-l8-awgn-p00,fftN,128,3.42242702197163e-13,4.38529684531213e-14,95.1104078375405,4.61074339288158e-16
sf7-l8-awgn-p00,magnitudeSquared,128,5.82076609134674e-10,5.14691113488258e-11,88955.5264540191,5.78593746791326e-16
sf7-l8-awgn-m10,fftM,1024,1.39960687332008e-13,4.01930564342235e-14,104.818141067032,3.83455154089404e-16
sf7-l8-awgn-m10,product,1024,1.15042991098321e-11,1.48517967518089e-12,4298.20935772054,3.45534512532103e-16
sf7-l8-awgn-m10,partition,128,1.13965030104807e-11,4.2250304811301e-12,12177.3620122545,3.46957779269294e-16
sf7-l8-awgn-m10,fftN,128,3.52775702688928e-13,7.05170042370124e-14,134.542113372323,5.24125884970072e-16
sf7-l8-awgn-m10,magnitudeSquared,128,3.49245965480804e-10,3.21971079312707e-11,85388.0097494173,3.77068256137571e-16
sf7-l8-cfo,fftM,1024,5.17282919736354e-14,1.24906878396137e-14,32,3.90333994987928e-16
sf7-l8-cfo,product,1024,5.45696821063757e-12,7.98398394096838e-13,2880.22896235191,2.77199627020238e-16
sf7-l8-cfo,partition,128,5.45696821063757e-12,2.26152350541972e-12,8214.04723563983,2.7532389826141e-16
sf7-l8-cfo,fftN,128,2.0495186137532e-13,4.00170914476206e-14,90.7532578329303,4.40943855936158e-16
sf7-l8-cfo,magnitudeSquared,128,1.74622982740402e-10,1.64175552376587e-11,52686.9439888502,3.11605760264499e-16
sf7-l8-timing,fftM,1024,6.0291550413457e-14,1.23135027768068e-14,31.7992587418095,3.87226094695631e-16
sf7-l8-timing,product,1024,5.823607568739e-12,7.99757100520855e-13,2889.95908810544,2.76736478316428e-16
sf7-l8-timing,partition,128,5.823607568739e-12,2.20445275427348e-12,8131.91502170082,2.71086545837073e-16
sf7-l8-timing,fftN,128,2.15597078881288e-13,3.29107038019218e-14,89.8458164980844,3.66302016996234e-16
sf7-l8-timing,magnitudeSquared,128,1.16415321826935e-10,1.09656749240709e-11,65794.475402328,1.6666558790866e-16
sf7-l8-combined,fftM,2048,8.03887338846093e-14,2.42574858620023e-14,64.4623345360957,3.7630479933083e-16
sf7-l8-combined,product,2048,8.18545231595635e-12,1.05810415148023e-12,3437.64333297726,3.07799282528775e-16
sf7-l8-combined,partition,256,8.18545231595635e-12,3.06491468345046e-12,9762.41066152762,3.13950599878869e-16
sf7-l8-combined,fftN,256,4.68742840168677e-13,6.06676950300951e-14,107.860418429594,5.62464858874026e-16
sf7-l8-combined,magnitudeSquared,256,1.16415321826935e-10,1.19126285907591e-11,67290.15138229,1.77033761197547e-16
sf5-l8-clean,fftM,512,1.91319486729018e-14,5.02339589443331e-15,16,3.13962243402082e-16
sf5-l8-clean,product,512,1.52526898375512e-12,1.76876190095521e-13,733.736671666511,2.41062218811809e-16
sf5-l8-clean,partition,64,1.52526898375512e-12,5.06250900154026e-13,2116.71189570422,2.39168543050871e-16
sf5-l8-clean,fftN,64,6.55328474243007e-14,1.54699199734592e-14,46.7731667272089,3.30743480844115e-16
sf5-l8-clean,magnitudeSquared,64,1.45519152283669e-11,1.83239288817233e-12,11587.3010182566,1.58138024142574e-16
sf5-l4-awgn,fftM,128,1.91319486729018e-14,7.14370501171452e-15,24.4121639589324,2.92628913345498e-16
sf5-l4-awgn,product,128,4.0990372275064e-13,9.38728156984274e-14,386.128887740966,2.43112646265933e-16
sf5-l4-awgn,partition,32,4.0990372275064e-13,1.9624522769456e-13,785.353638196986,2.49881350451371e-16
sf5-l4-awgn,fftN,32,3.8958546965271e-14,1.25947939516082e-14,34.7080551999134,3.62878123797601e-16
sf5-l4-awgn,magnitudeSquared,32,7.27595761418343e-12,1.34609783487624e-12,3354.50003844629,4.01281210150089e-16
sf9-l2-clean,fftM,1024,3.5527136788005e-14,1.17416529126798e-14,32,3.66926653521242e-16
sf9-l2-clean,product,1024,1.83314517660132e-12,4.53002360741329e-13,1448.13908682768,3.12816886763056e-16
sf9-l2-clean,partition,512,1.83314517660132e-12,6.45430872564905e-13,2062.32553178815,3.12962654351314e-16
sf9-l2-clean,fftN,512,3.90861529380788e-13,2.44651291395907e-14,45.5713865169237,5.3685285898653e-16
sf9-l2-clean,magnitudeSquared,512,2.89901436190121e-12,1.96258289148685e-13,46341.0296851242,4.23508693013969e-18
sf9-l2-combined,fftM,1024,4.66272522757787e-14,1.65466840409571e-14,42.0519313223043,3.93482142690098e-16
sf9-l2-combined,product,1024,2.28507715772159e-12,6.16392847269451e-13,1631.97155409429,3.77698278945516e-16
sf9-l2-combined,partition,512,2.44888943013143e-12,8.74788031973363e-13,2302.85852240884,3.7987050592162e-16
sf9-l2-combined,fftN,512,1.70530256582424e-13,2.60612347725392e-14,50.8864649158914,5.12144728772473e-16
sf9-l2-combined,magnitudeSquared,512,2.3283064365387e-10,1.06875329412509e-11,24087.5344830293,4.4369559486384e-16
sf10-l1-clean,fftM,1024,3.27544017057338e-14,1.18148674788722e-14,32,3.69214608714755e-16
sf10-l1-clean,product,1024,1.07852804154676e-12,3.82843857751093e-13,1024,3.73870954835052e-16
sf10-l1-clean,partition,1024,1.07852804154676e-12,3.82843857751093e-13,1024,3.73870954835052e-16
sf10-l1-clean,fftN,1024,4.28254918743136e-13,1.99429498924224e-14,32,6.23217184138201e-16
sf10-l1-clean,magnitudeSquared,1024,3.46501203482853e-25,1.59848681020956e-26,32768,4.87819461123523e-31
sf12-l1-clean,fftM,4096,7.62799976200195e-14,2.59278634991508e-14,64,4.05122867174231e-16
sf12-l1-clean,product,4096,4.83403064787792e-12,1.68354043739529e-12,4096,4.11020614598459e-16
sf12-l1-clean,partition,4096,4.83403064787792e-12,1.68354043739529e-12,4096,4.11020614598459e-16
sf12-l1-clean,fftN,4096,2.57249347690808e-12,5.33367819028476e-14,64,8.33387217231994e-16
sf12-l1-clean,magnitudeSquared,4096,6.22633316660311e-24,3.20873024899407e-25,262144,1.22403345069659e-30
