WordLength,Case,SF,L,M,SymbolsMatch,MatlabSymbols,FixedSymbols,ConfidenceAbsError,WorstRelativeRms,WorstMaxAbsError,DecisionMargin,InputType,ReferenceType,ProductType,AccumulatorType,FftNType,MagnitudeType,FftMOutputWordLength,FftNOutputWordLength
8,sf5-l4-awgn,5,4,128,1,30,30,0.0215635999460747,0.190208253666036,1757.97298057978,0.84375,sfix8_En3,sfix8_En1,sfix8_En-5,sfix8_En-5,sfix8_En-2,ufix8_En-8,15,13
8,sf5-l8-clean,5,8,256,1,[17 3],[17 3],0.0638694818523902,0.124243919776304,2048.00000000001,0.992424242424242,sfix8_En6,sfix8_En0,sfix8_En-6,sfix8_En-6,sfix8_En-2,ufix8_En-9,16,13
8,sf7-l1-clean,7,1,128,1,[0 45 127],[0 45 127],0,0.199282567392802,512.000000000007,1,sfix8_En6,sfix8_En2,sfix8_En-2,sfix8_En-2,sfix8_En-1,ufix8_En-7,15,15
8,sf7-l2-clean,7,2,256,1,[13 100],[13 100],0.0271482546337449,0.167471082738597,119.129127319973,1,sfix8_En6,sfix8_En1,sfix8_En-4,sfix8_En-4,sfix8_En-2,ufix8_En-9,16,15
8,sf7-l4-clean,7,4,512,1,63,63,0.0306354846273612,0.17507906145728,8192,1,sfix8_En6,sfix8_En0,sfix8_En-6,sfix8_En-6,sfix8_En-3,ufix8_En-11,17,15
8,sf7-l8-clean,7,8,1024,1,1,1,0.0314557194742773,0.327281429191102,65536,0.983333333333333,sfix8_En2,sfix8_En-1,sfix8_En-9,sfix8_En-9,sfix8_En-4,ufix8_En-13,18,15
8,sf7-l8-awgn-p00,7,8,1024,1,77,77,0.130963483175289,0.311794763179991,23205.8063220067,0.983333333333333,sfix8_En2,sfix8_En-1,sfix8_En-9,sfix8_En-9,sfix8_En-4,ufix8_En-13,18,15
8,sf7-l8-awgn-m10,7,8,1024,1,77,77,0.3628258946518,0.223337761885373,33884.0235888261,0.910714285714286,sfix8_En2,sfix8_En-1,sfix8_En-9,sfix8_En-9,sfix8_En-4,ufix8_En-13,18,15
8,sf7-l8-cfo,7,8,1024,1,34,34,0.0694075250518313,0.329022579066005,60814.8166622508,0.16,sfix8_En2,sfix8_En-1,sfix8_En-9,sfix8_En-9,sfix8_En-4,ufix8_En-13,18,15
8,sf7-l8-timing,7,8,1024,1,32,32,0.114226576817088,0.338928716436531,107091.471874621,0.8,sfix8_En2,sfix8_En-1,sfix8_En-9,sfix8_En-9,sfix8_En-4,ufix8_En-13,18,15
8,sf7-l8-combined,7,8,1024,1,[31 95],[31 95],0.304440516749725,0.278777481302931,31659.1046119094,0.818181818181818,sfix8_En2,sfix8_En-1,sfix8_En-9,sfix8_En-9,sfix8_En-4,ufix8_En-13,18,15
8,sf9-l2-clean,9,2,1024,1,300,300,0.0138443488649752,0.394313572473814,8190.26689501653,0.9921875,sfix8_En4,sfix8_En0,sfix8_En-7,sfix8_En-7,sfix8_En-4,ufix8_En-13,18,17
8,sf9-l2-combined,9,2,1024,1,2,2,0.174809195550972,0.301740813739057,48276.2324080417,0.229166666666667,sfix8_En4,sfix8_En0,sfix8_En-7,sfix8_En-7,sfix8_En-4,ufix8_En-13,18,17
8,sf10-l1-clean,10,1,1024,1,1000,1000,0,0.584633966683427,32768,1,sfix8_En6,sfix8_En0,sfix8_En-5,sfix8_En-5,sfix8_En-4,ufix8_En-13,18,18
8,sf12-l1-clean,12,1,4096,1,4095,4095,0,1.17976510506329,524288,1,sfix8_En6,sfix8_En-1,sfix8_En-7,sfix8_En-7,sfix8_En-6,ufix8_En-17,20,20
10,sf5-l4-awgn,5,4,128,1,30,30,0.0274229749460747,0.0463051651240037,237.967624427159,0.857142857142857,sfix10_En5,sfix10_En3,sfix10_En-3,sfix10_En-3,sfix10_En0,ufix10_En-6,17,15
10,sf5-l8-clean,5,8,256,1,[17 3],[17 3],0.0384788568523902,0.056688611243327,3584.00000000001,0.988888888888889,sfix10_En8,sfix10_En2,sfix10_En-4,sfix10_En-4,sfix10_En0,ufix10_En-7,18,15
10,sf7-l1-clean,7,1,128,1,[0 45 127],[0 45 127],0,0.0504294706537427,128.000000000007,1,sfix10_En8,sfix10_En4,sfix10_En0,sfix10_En0,sfix10_En1,ufix10_En-5,17,17
10,sf7-l2-clean,7,2,256,1,[13 100],[13 100],0.0271482546337449,0.0444766145212288,119.129127319973,1,sfix10_En8,sfix10_En3,sfix10_En-2,sfix10_En-2,sfix10_En0,ufix10_En-7,18,17
10,sf7-l4-clean,7,4,512,1,63,63,0.0306354846273612,0.0522169506790062,6144,0.998091603053435,sfix10_En8,sfix10_En2,sfix10_En-4,sfix10_En-4,sfix10_En-1,ufix10_En-9,19,17
10,sf7-l8-clean,7,8,1024,1,1,1,0.0314557194742773,0.0997599982831957,24576,0.998091603053435,sfix10_En4,sfix10_En1,sfix10_En-7,sfix10_En-7,sfix10_En-2,ufix10_En-11,20,17
10,sf7-l8-awgn-p00,7,8,1024,1,77,77,0.130963483175289,0.0934046853771107,6821.80632200674,0.993852459016393,sfix10_En4,sfix10_En1,sfix10_En-7,sfix10_En-7,sfix10_En-2,ufix10_En-11,20,17
10,sf7-l8-awgn-m10,7,8,1024,1,77,77,0.1128258946518,0.069334692432705,14580.0174296074,0.928571428571429,sfix10_En4,sfix10_En1,sfix10_En-7,sfix10_En-7,sfix10_En-2,ufix10_En-11,20,17
10,sf7-l8-cfo,7,8,1024,1,34,34,0.0342512750518313,0.113279207124437,6099.11060488567,0.22707423580786,sfix10_En4,sfix10_En1,sfix10_En-7,sfix10_En-7,sfix10_En-2,ufix10_En-11,20,17
10,sf7-l8-timing,7,8,1024,1,32,32,0.0361015768170876,0.110446401447861,23123.4718746206,0.759530791788856,sfix10_En4,sfix10_En1,sfix10_En-7,sfix10_En-7,sfix10_En-2,ufix10_En-11,20,17
10,sf7-l8-combined,7,8,1024,1,[31 95],[31 95],0.173581141749725,0.0846791994196723,9607.41575568552,0.82051282051282,sfix10_En4,sfix10_En1,sfix10_En-7,sfix10_En-7,sfix10_En-2,ufix10_En-11,20,17
10,sf9-l2-clean,9,2,1024,1,300,300,0.0138443488649752,0.0895432739120564,16384,1,sfix10_En6,sfix10_En2,sfix10_En-5,sfix10_En-5,sfix10_En-2,ufix10_En-11,20,19
10,sf9-l2-combined,9,2,1024,1,2,2,0.174809195550972,0.0756613986901296,9364.23240804172,0.28436018957346,sfix10_En6,sfix10_En2,sfix10_En-5,sfix10_En-5,sfix10_En-2,ufix10_En-11,20,19
10,sf10-l1-clean,10,1,1024,1,1000,1000,0,0.149155336656537,81.5843122174578,1,sfix10_En8,sfix10_En2,sfix10_En-3,sfix10_En-3,sfix10_En-2,ufix10_En-11,20,20
10,sf12-l1-clean,12,1,4096,1,4095,4095,0,0.292212565769764,672.761473331189,1,sfix10_En8,sfix10_En1,sfix10_En-5,sfix10_En-5,sfix10_En-4,ufix10_En-15,22,22
12,sf5-l4-awgn,5,4,128,1,30,30,0.00545031869607465,0.0120487901854241,109.97298057978,0.847382431233363,sfix12_En7,sfix12_En5,sfix12_En-1,sfix12_En-1,sfix12_En2,ufix12_En-4,19,17
12,sf5-l8-clean,5,8,256,1,[17 3],[17 3],0.00820541935239016,0.014339150322203,768.000000000015,0.991312741312741,sfix12_En10,sfix12_En4,sfix12_En-2,sfix12_En-2,sfix12_En2,ufix12_En-5,20,17
12,sf7-l1-clean,7,1,128,1,[0 45 127],[0 45 127],0,0.0124168171372142,32.0000000000073,1,sfix12_En10,sfix12_En6,sfix12_En2,sfix12_En2,sfix12_En3,ufix12_En-3,19,19
12,sf7-l2-clean,7,2,256,1,[13 100],[13 100],0.0154295046337449,0.0106321874158893,128,0.99853228962818,sfix12_En10,sfix12_En5,sfix12_En0,sfix12_En0,sfix12_En2,ufix12_En-5,20,19
12,sf7-l4-clean,7,4,512,1,63,63,0.0189167346273612,0.0122704473492609,512,0.998538011695906,sfix12_En10,sfix12_En4,sfix12_En-2,sfix12_En-2,sfix12_En1,ufix12_En-7,21,19
12,sf7-l8-clean,7,8,1024,1,1,1,0.0295025944742773,0.03194567666139,22528,0.998087954110899,sfix12_En6,sfix12_En3,sfix12_En-5,sfix12_En-5,sfix12_En0,ufix12_En-9,22,19
12,sf7-l8-awgn-p00,7,8,1024,1,77,77,0.0860416081752887,0.0286038773674723,2725.80632200674,0.995408163265306,sfix12_En6,sfix12_En3,sfix12_En-5,sfix12_En-5,sfix12_En0,ufix12_En-9,22,19
12,sf7-l8-awgn-m10,7,8,1024,1,77,77,0.0278649571517999,0.0194655998453266,4852.01742960736,0.930810810810811,sfix12_En6,sfix12_En3,sfix12_En-5,sfix12_En-5,sfix12_En0,ufix12_En-9,22,19
12,sf7-l8-cfo,7,8,1024,1,34,34,0.0186262750518313,0.0383498332682838,1934.81666225084,0.231693989071038,sfix12_En6,sfix12_En3,sfix12_En-5,sfix12_En-5,sfix12_En0,ufix12_En-9,22,19
12,sf7-l8-timing,7,8,1024,1,32,32,0.0180351705670876,0.0384047309736737,2643.47187462065,0.757122507122507,sfix12_En6,sfix12_En3,sfix12_En-5,sfix12_En-5,sfix12_En0,ufix12_En-9,22,19
12,sf7-l8-combined,7,8,1024,1,[31 95],[31 95],0.0515108292497254,0.0249677682205663,2987.10461190937,0.821454283657307,sfix12_En6,sfix12_En3,sfix12_En-5,sfix12_En-5,sfix12_En0,ufix12_En-9,22,19
12,sf9-l2-clean,9,2,1024,1,300,300,0.0138443488649752,0.0227092443634108,473.008786051224,1,sfix12_En8,sfix12_En4,sfix12_En-3,sfix12_En-3,sfix12_En0,ufix12_En-9,22,21
12,sf9-l2-combined,9,2,1024,1,2,2,0.0766646643009722,0.0189027238884411,2708.23240804172,0.285880980163361,sfix12_En8,sfix12_En4,sfix12_En-3,sfix12_En-3,sfix12_En0,ufix12_En-9,22,21
12,sf10-l1-clean,10,1,1024,1,1000,1000,0,0.0364350744261271,2048,1,sfix12_En10,sfix12_En4,sfix12_En-1,sfix12_En-1,sfix12_En0,ufix12_En-9,22,22
12,sf12-l1-clean,12,1,4096,1,4095,4095,0,0.0733397787324914,32768,1,sfix12_En10,sfix12_En3,sfix12_En-3,sfix12_En-3,sfix12_En-2,ufix12_En-13,24,24
14,sf5-l4-awgn,5,4,128,1,30,30,0.00166613900857465,0.00319767304017119,21.9729805797797,0.846136865342163,sfix14_En9,sfix14_En7,sfix14_En1,sfix14_En1,sfix14_En4,ufix14_En-2,21,19
14,sf5-l8-clean,5,8,256,1,[17 3],[17 3],0.00185776310239016,0.00339585105767245,160,0.991715399610136,sfix14_En12,sfix14_En6,sfix14_En0,sfix14_En0,sfix14_En4,ufix14_En-3,22,19
14,sf7-l1-clean,7,1,128,1,[0 45 127],[0 45 127],0,0.00316128330070912,8.00000000000728,1,sfix14_En12,sfix14_En8,sfix14_En4,sfix14_En4,sfix14_En5,ufix14_En-1,21,21
14,sf7-l2-clean,7,2,256,1,[13 100],[13 100],0.00786114525874493,0.0027873003646788,32,0.99829018075232,sfix14_En12,sfix14_En7,sfix14_En2,sfix14_En2,sfix14_En4,ufix14_En-3,22,21
14,sf7-l4-clean,7,4,512,1,63,63,0.00866282837736121,0.00309690977514433,36.4464171993484,0.9981689453125,sfix14_En12,sfix14_En6,sfix14_En0,sfix14_En0,sfix14_En3,ufix14_En-5,23,21
14,sf7-l8-clean,7,8,1024,1,1,1,0.0132672429117773,0.00765355876534999,5632,0.998057309373482,sfix14_En8,sfix14_En5,sfix14_En-3,sfix14_En-3,sfix14_En2,ufix14_En-7,24,21
14,sf7-l8-awgn-p00,7,8,1024,1,77,77,0.0278140691127887,0.00711020664796927,549.806322006742,0.995163548428153,sfix14_En8,sfix14_En5,sfix14_En-3,sfix14_En-3,sfix14_En2,ufix14_En-7,24,21
14,sf7-l8-awgn-m10,7,8,1024,1,77,77,0.00699093371429987,0.00505942659697685,1396.01742960736,0.931851851851852,sfix14_En8,sfix14_En5,sfix14_En-3,sfix14_En-3,sfix14_En2,ufix14_En-7,24,21
14,sf7-l8-cfo,7,8,1024,1,34,34,0.00947100161433134,0.00927586383384461,506.471506843402,0.236046828205826,sfix14_En8,sfix14_En5,sfix14_En-3,sfix14_En-3,sfix14_En2,ufix14_En-7,24,21
14,sf7-l8-timing,7,8,1024,1,32,32,0.0115654440045876,0.00969617239352881,339.471874620649,0.757720979765708,sfix14_En8,sfix14_En5,sfix14_En-3,sfix14_En-3,sfix14_En2,ufix14_En-7,24,21
14,sf7-l8-combined,7,8,1024,1,[31 95],[31 95],0.0130440578239527,0.00623710682080591,1067.10461190937,0.821865994236311,sfix14_En8,sfix14_En5,sfix14_En-3,sfix14_En-3,sfix14_En2,ufix14_En-7,24,21
14,sf9-l2-clean,9,2,1024,1,300,300,0.00896153636497521,0.00563842604988636,512,0.999633610161212,sfix14_En10,sfix14_En6,sfix14_En-1,sfix14_En-1,sfix14_En2,ufix14_En-7,24,23
14,sf9-l2-combined,9,2,1024,1,2,2,0.0214888830509722,0.00519414133965799,788.232408041717,0.286378158582631,sfix14_En10,sfix14_En6,sfix14_En-1,sfix14_En-1,sfix14_En2,ufix14_En-7,24,23
14,sf10-l1-clean,10,1,1024,1,1000,1000,0,0.00887678660287957,512,1,sfix14_En12,sfix14_En6,sfix14_En1,sfix14_En1,sfix14_En2,ufix14_En-7,24,24
14,sf12-l1-clean,12,1,4096,1,4095,4095,0,0.0180515537554799,8192,1,sfix14_En12,sfix14_En5,sfix14_En-1,sfix14_En-1,sfix14_En0,ufix14_En-11,26,26
16,sf5-l4-awgn,5,4,128,1,30,30,0.000445435883574652,0.000897988710853776,7.97298057977969,0.845814492114261,sfix16_En11,sfix16_En9,sfix16_En3,sfix16_En3,sfix16_En6,ufix16_En0,23,21
16,sf5-l8-clean,5,8,256,1,[17 3],[17 3],0.000789647868015164,0.000857894195388001,24,0.99182328533073,sfix16_En14,sfix16_En8,sfix16_En2,sfix16_En2,sfix16_En6,ufix16_En-1,24,21
16,sf7-l1-clean,7,1,128,1,[0 45 127],[0 45 127],0,0.000785593041028376,2.00000000000728,1,sfix16_En14,sfix16_En10,sfix16_En6,sfix16_En6,sfix16_En7,ufix16_En1,23,23
16,sf7-l2-clean,7,2,256,1,[13 100],[13 100],0.00282574486811993,0.000684425597588165,8,0.998199243071664,sfix16_En14,sfix16_En9,sfix16_En4,sfix16_En4,sfix16_En6,ufix16_En-1,24,23
16,sf7-l4-clean,7,4,512,1,63,63,0.00295604126798621,0.000798690471937598,32,0.998046636552314,sfix16_En14,sfix16_En8,sfix16_En2,sfix16_En2,sfix16_En5,ufix16_En-3,25,23
16,sf7-l8-clean,7,8,1024,1,1,1,0.00566836595865228,0.00190582586513238,1280,0.998018775908315,sfix16_En10,sfix16_En7,sfix16_En-1,sfix16_En-1,sfix16_En4,ufix16_En-5,26,23
16,sf7-l8-awgn-p00,7,8,1024,1,77,77,0.00745884450341372,0.00178990605299997,101.806322006742,0.995102092742192,sfix16_En10,sfix16_En7,sfix16_En-1,sfix16_En-1,sfix16_En4,ufix16_En-5,26,23
16,sf7-l8-awgn-m10,7,8,1024,1,77,77,0.00192501574554987,0.00126289694545518,372.017429607364,0.932077375946173,sfix16_En10,sfix16_En7,sfix16_En-1,sfix16_En-1,sfix16_En4,ufix16_En-5,26,23
16,sf7-l8-cfo,7,8,1024,1,34,34,0.00361162661433134,0.00226554032208876,122.471506843402,0.237330793823549,sfix16_En10,sfix16_En7,sfix16_En-1,sfix16_En-1,sfix16_En4,ufix16_En-5,26,23
16,sf7-l8-timing,7,8,1024,1,32,32,0.00445484830146259,0.00240951505784833,179.471874620649,0.757730358014285,sfix16_En10,sfix16_En7,sfix16_En-1,sfix16_En-1,sfix16_En4,ufix16_En-5,26,23
16,sf7-l8-combined,7,8,1024,1,[31 95],[31 95],0.00359823159347539,0.00159016217762594,139.104611909366,0.821722880172919,sfix16_En10,sfix16_En7,sfix16_En-1,sfix16_En-1,sfix16_En4,ufix16_En-5,26,23
16,sf9-l2-clean,9,2,1024,1,300,300,0.00438389964622521,0.0014191374403222,34.0371099601301,0.99957275390625,sfix16_En12,sfix16_En8,sfix16_En1,sfix16_En1,sfix16_En4,ufix16_En-5,26,25
16,sf9-l2-combined,9,2,1024,1,2,2,0.00574181273847219,0.00133346694669195,104.540154342347,0.286936349137306,sfix16_En12,sfix16_En8,sfix16_En1,sfix16_En1,sfix16_En4,ufix16_En-5,26,25
16,sf10-l1-clean,10,1,1024,1,1000,1000,0,0.00229186808538967,128,1,sfix16_En14,sfix16_En8,sfix16_En3,sfix16_En3,sfix16_En4,ufix16_En-5,26,26
16,sf12-l1-clean,12,1,4096,1,4095,4095,0,0.00456051485429847,10.5118980198868,1,sfix16_En14,sfix16_En7,sfix16_En1,sfix16_En1,sfix16_En2,ufix16_En-9,28,28
18,sf5-l4-awgn,5,4,128,1,30,30,8.68543406059019e-05,0.000226649414526188,1.47298057977969,0.84580083239161,sfix18_En13,sfix18_En11,sfix18_En5,sfix18_En5,sfix18_En8,ufix18_En2,25,23
18,sf5-l8-clean,5,8,256,1,[17 3],[17 3],0.000148778727390164,0.000232987820877354,2,0.991821039460433,sfix18_En16,sfix18_En10,sfix18_En4,sfix18_En4,sfix18_En8,ufix18_En1,26,23
18,sf7-l1-clean,7,1,128,1,[0 45 127],[0 45 127],0,0.000196002694376787,0.5,1,sfix18_En16,sfix18_En12,sfix18_En8,sfix18_En8,sfix18_En9,ufix18_En3,25,25
18,sf7-l2-clean,7,2,256,1,[13 100],[13 100],0.000834472895463678,0.000170707816717306,2,0.998184148686178,sfix18_En16,sfix18_En11,sfix18_En6,sfix18_En6,sfix18_En8,ufix18_En1,26,25
18,sf7-l4-clean,7,4,512,1,63,63,0.000659593514079959,0.000203391862063152,8,0.998031556138798,sfix18_En16,sfix18_En10,sfix18_En4,sfix18_En4,sfix18_En7,ufix18_En-1,27,25
18,sf7-l8-clean,7,8,1024,1,1,1,0.00170108080240228,0.000495386785237557,224,0.998001525553013,sfix18_En12,sfix18_En9,sfix18_En1,sfix18_En1,sfix18_En6,ufix18_En-3,28,25
18,sf7-l8-awgn-p00,7,8,1024,1,77,77,0.00200382741356997,0.000459544167511989,15.3602567475548,0.995046986055238,sfix18_En12,sfix18_En9,sfix18_En1,sfix18_En1,sfix18_En6,ufix18_En-3,28,25
18,sf7-l8-awgn-m10,7,8,1024,1,77,77,0.000490689573674874,0.000324504156811101,108.017429607364,0.932103333445457,sfix18_En12,sfix18_En9,sfix18_En1,sfix18_En1,sfix18_En6,ufix18_En-3,28,25
18,sf7-l8-cfo,7,8,1024,1,34,34,0.000987114895581342,0.000512901069934713,50.4715068434016,0.237444941412561,sfix18_En12,sfix18_En9,sfix18_En1,sfix18_En1,sfix18_En6,ufix18_En-3,28,25
18,sf7-l8-timing,7,8,1024,1,32,32,0.00131153775458759,0.000563507733144303,27.471874620649,0.757703780091592,sfix18_En12,sfix18_En9,sfix18_En1,sfix18_En1,sfix18_En6,ufix18_En-3,28,25
18,sf7-l8-combined,7,8,1024,1,[31 95],[31 95],0.000889796534881637,0.000400612856633458,31.4827498059021,0.821738591967935,sfix18_En12,sfix18_En9,sfix18_En1,sfix18_En1,sfix18_En6,ufix18_En-3,28,25
18,sf9-l2-clean,9,2,1024,1,300,300,0.00204930491966271,0.000366708275672254,32,0.999549851985229,sfix18_En14,sfix18_En10,sfix18_En3,sfix18_En3,sfix18_En6,ufix18_En-3,28,27
18,sf9-l2-combined,9,2,1024,1,2,2,0.00143883422284719,0.00036370976329358,52.2324080417166,0.286824936571221,sfix18_En14,sfix18_En10,sfix18_En3,sfix18_En3,sfix18_En6,ufix18_En-3,28,27
18,sf10-l1-clean,10,1,1024,1,1000,1000,0,0.000584632692280509,32,1,sfix18_En16,sfix18_En10,sfix18_En5,sfix18_En5,sfix18_En6,ufix18_En-3,28,28
18,sf12-l1-clean,12,1,4096,1,4095,4095,0,0.00114227095166996,512,1,sfix18_En16,sfix18_En9,sfix18_En3,sfix18_En3,sfix18_En4,ufix18_En-7,30,30
